--
-- PostgreSQL database dump
--

-- Dumped from database version 17.2 (Debian 17.2-1.pgdg120+1)
-- Dumped by pg_dump version 17.2 (Debian 17.2-1.pgdg120+1)

SET statement_timeout = 0;
SET lock_timeout = 0;
SET idle_in_transaction_session_timeout = 0;
SET transaction_timeout = 0;
SET client_encoding = 'UTF8';
SET standard_conforming_strings = on;
SELECT pg_catalog.set_config('search_path', '', false);
SET check_function_bodies = false;
SET xmloption = content;
SET client_min_messages = warning;
SET row_security = off;

SET default_tablespace = '';

SET default_table_access_method = heap;

--
-- Name: auth_group; Type: TABLE; Schema: public; Owner: spoural
--

CREATE TABLE public.auth_group (
    id integer NOT NULL,
    name character varying(150) NOT NULL
);


ALTER TABLE public.auth_group OWNER TO spoural;

--
-- Name: auth_group_id_seq; Type: SEQUENCE; Schema: public; Owner: spoural
--

ALTER TABLE public.auth_group ALTER COLUMN id ADD GENERATED BY DEFAULT AS IDENTITY (
    SEQUENCE NAME public.auth_group_id_seq
    START WITH 1
    INCREMENT BY 1
    NO MINVALUE
    NO MAXVALUE
    CACHE 1
);


--
-- Name: auth_group_permissions; Type: TABLE; Schema: public; Owner: spoural
--

CREATE TABLE public.auth_group_permissions (
    id bigint NOT NULL,
    group_id integer NOT NULL,
    permission_id integer NOT NULL
);


ALTER TABLE public.auth_group_permissions OWNER TO spoural;

--
-- Name: auth_group_permissions_id_seq; Type: SEQUENCE; Schema: public; Owner: spoural
--

ALTER TABLE public.auth_group_permissions ALTER COLUMN id ADD GENERATED BY DEFAULT AS IDENTITY (
    SEQUENCE NAME public.auth_group_permissions_id_seq
    START WITH 1
    INCREMENT BY 1
    NO MINVALUE
    NO MAXVALUE
    CACHE 1
);


--
-- Name: auth_permission; Type: TABLE; Schema: public; Owner: spoural
--

CREATE TABLE public.auth_permission (
    id integer NOT NULL,
    name character varying(255) NOT NULL,
    content_type_id integer NOT NULL,
    codename character varying(100) NOT NULL
);


ALTER TABLE public.auth_permission OWNER TO spoural;

--
-- Name: auth_permission_id_seq; Type: SEQUENCE; Schema: public; Owner: spoural
--

ALTER TABLE public.auth_permission ALTER COLUMN id ADD GENERATED BY DEFAULT AS IDENTITY (
    SEQUENCE NAME public.auth_permission_id_seq
    START WITH 1
    INCREMENT BY 1
    NO MINVALUE
    NO MAXVALUE
    CACHE 1
);


--
-- Name: auth_user; Type: TABLE; Schema: public; Owner: spoural
--

CREATE TABLE public.auth_user (
    id integer NOT NULL,
    password character varying(128) NOT NULL,
    last_login timestamp with time zone,
    is_superuser boolean NOT NULL,
    username character varying(150) NOT NULL,
    first_name character varying(150) NOT NULL,
    last_name character varying(150) NOT NULL,
    email character varying(254) NOT NULL,
    is_staff boolean NOT NULL,
    is_active boolean NOT NULL,
    date_joined timestamp with time zone NOT NULL
);


ALTER TABLE public.auth_user OWNER TO spoural;

--
-- Name: auth_user_groups; Type: TABLE; Schema: public; Owner: spoural
--

CREATE TABLE public.auth_user_groups (
    id bigint NOT NULL,
    user_id integer NOT NULL,
    group_id integer NOT NULL
);


ALTER TABLE public.auth_user_groups OWNER TO spoural;

--
-- Name: auth_user_groups_id_seq; Type: SEQUENCE; Schema: public; Owner: spoural
--

ALTER TABLE public.auth_user_groups ALTER COLUMN id ADD GENERATED BY DEFAULT AS IDENTITY (
    SEQUENCE NAME public.auth_user_groups_id_seq
    START WITH 1
    INCREMENT BY 1
    NO MINVALUE
    NO MAXVALUE
    CACHE 1
);


--
-- Name: auth_user_id_seq; Type: SEQUENCE; Schema: public; Owner: spoural
--

ALTER TABLE public.auth_user ALTER COLUMN id ADD GENERATED BY DEFAULT AS IDENTITY (
    SEQUENCE NAME public.auth_user_id_seq
    START WITH 1
    INCREMENT BY 1
    NO MINVALUE
    NO MAXVALUE
    CACHE 1
);


--
-- Name: auth_user_user_permissions; Type: TABLE; Schema: public; Owner: spoural
--

CREATE TABLE public.auth_user_user_permissions (
    id bigint NOT NULL,
    user_id integer NOT NULL,
    permission_id integer NOT NULL
);


ALTER TABLE public.auth_user_user_permissions OWNER TO spoural;

--
-- Name: auth_user_user_permissions_id_seq; Type: SEQUENCE; Schema: public; Owner: spoural
--

ALTER TABLE public.auth_user_user_permissions ALTER COLUMN id ADD GENERATED BY DEFAULT AS IDENTITY (
    SEQUENCE NAME public.auth_user_user_permissions_id_seq
    START WITH 1
    INCREMENT BY 1
    NO MINVALUE
    NO MAXVALUE
    CACHE 1
);


--
-- Name: django_admin_log; Type: TABLE; Schema: public; Owner: spoural
--

CREATE TABLE public.django_admin_log (
    id integer NOT NULL,
    action_time timestamp with time zone NOT NULL,
    object_id text,
    object_repr character varying(200) NOT NULL,
    action_flag smallint NOT NULL,
    change_message text NOT NULL,
    content_type_id integer,
    user_id integer NOT NULL,
    CONSTRAINT django_admin_log_action_flag_check CHECK ((action_flag >= 0))
);


ALTER TABLE public.django_admin_log OWNER TO spoural;

--
-- Name: django_admin_log_id_seq; Type: SEQUENCE; Schema: public; Owner: spoural
--

ALTER TABLE public.django_admin_log ALTER COLUMN id ADD GENERATED BY DEFAULT AS IDENTITY (
    SEQUENCE NAME public.django_admin_log_id_seq
    START WITH 1
    INCREMENT BY 1
    NO MINVALUE
    NO MAXVALUE
    CACHE 1
);


--
-- Name: django_content_type; Type: TABLE; Schema: public; Owner: spoural
--

CREATE TABLE public.django_content_type (
    id integer NOT NULL,
    app_label character varying(100) NOT NULL,
    model character varying(100) NOT NULL
);


ALTER TABLE public.django_content_type OWNER TO spoural;

--
-- Name: django_content_type_id_seq; Type: SEQUENCE; Schema: public; Owner: spoural
--

ALTER TABLE public.django_content_type ALTER COLUMN id ADD GENERATED BY DEFAULT AS IDENTITY (
    SEQUENCE NAME public.django_content_type_id_seq
    START WITH 1
    INCREMENT BY 1
    NO MINVALUE
    NO MAXVALUE
    CACHE 1
);


--
-- Name: django_migrations; Type: TABLE; Schema: public; Owner: spoural
--

CREATE TABLE public.django_migrations (
    id bigint NOT NULL,
    app character varying(255) NOT NULL,
    name character varying(255) NOT NULL,
    applied timestamp with time zone NOT NULL
);


ALTER TABLE public.django_migrations OWNER TO spoural;

--
-- Name: django_migrations_id_seq; Type: SEQUENCE; Schema: public; Owner: spoural
--

ALTER TABLE public.django_migrations ALTER COLUMN id ADD GENERATED BY DEFAULT AS IDENTITY (
    SEQUENCE NAME public.django_migrations_id_seq
    START WITH 1
    INCREMENT BY 1
    NO MINVALUE
    NO MAXVALUE
    CACHE 1
);


--
-- Name: django_session; Type: TABLE; Schema: public; Owner: spoural
--

CREATE TABLE public.django_session (
    session_key character varying(40) NOT NULL,
    session_data text NOT NULL,
    expire_date timestamp with time zone NOT NULL
);


ALTER TABLE public.django_session OWNER TO spoural;

--
-- Name: excel_app_constructiontypes; Type: TABLE; Schema: public; Owner: spoural
--

CREATE TABLE public.excel_app_constructiontypes (
    id bigint NOT NULL,
    name character varying(255) NOT NULL
);


ALTER TABLE public.excel_app_constructiontypes OWNER TO spoural;

--
-- Name: excel_app_constructiontypes_id_seq; Type: SEQUENCE; Schema: public; Owner: spoural
--

ALTER TABLE public.excel_app_constructiontypes ALTER COLUMN id ADD GENERATED BY DEFAULT AS IDENTITY (
    SEQUENCE NAME public.excel_app_constructiontypes_id_seq
    START WITH 1
    INCREMENT BY 1
    NO MINVALUE
    NO MAXVALUE
    CACHE 1
);


--
-- Name: excel_app_constructiontypes_material; Type: TABLE; Schema: public; Owner: spoural
--

CREATE TABLE public.excel_app_constructiontypes_material (
    id bigint NOT NULL,
    constructiontypes_id bigint NOT NULL,
    materials_id bigint NOT NULL
);


ALTER TABLE public.excel_app_constructiontypes_material OWNER TO spoural;

--
-- Name: excel_app_constructiontypes_material_id_seq; Type: SEQUENCE; Schema: public; Owner: spoural
--

ALTER TABLE public.excel_app_constructiontypes_material ALTER COLUMN id ADD GENERATED BY DEFAULT AS IDENTITY (
    SEQUENCE NAME public.excel_app_constructiontypes_material_id_seq
    START WITH 1
    INCREMENT BY 1
    NO MINVALUE
    NO MAXVALUE
    CACHE 1
);


--
-- Name: excel_app_defects; Type: TABLE; Schema: public; Owner: spoural
--

CREATE TABLE public.excel_app_defects (
    id bigint NOT NULL,
    name character varying(255) NOT NULL,
    recommendations_id character varying(255)
);


ALTER TABLE public.excel_app_defects OWNER TO spoural;

--
-- Name: excel_app_defects_id_seq; Type: SEQUENCE; Schema: public; Owner: spoural
--

ALTER TABLE public.excel_app_defects ALTER COLUMN id ADD GENERATED BY DEFAULT AS IDENTITY (
    SEQUENCE NAME public.excel_app_defects_id_seq
    START WITH 1
    INCREMENT BY 1
    NO MINVALUE
    NO MAXVALUE
    CACHE 1
);


--
-- Name: excel_app_fields; Type: TABLE; Schema: public; Owner: spoural
--

CREATE TABLE public.excel_app_fields (
    id bigint NOT NULL,
    type character varying(15) NOT NULL,
    key character varying(255) NOT NULL,
    mask character varying(255),
    name character varying(255) NOT NULL,
    placeholder character varying(255),
    settings jsonb,
    construction_type_id character varying(255),
    "position" integer NOT NULL,
    step integer NOT NULL,
    required boolean NOT NULL
);


ALTER TABLE public.excel_app_fields OWNER TO spoural;

--
-- Name: excel_app_fields_id_seq; Type: SEQUENCE; Schema: public; Owner: spoural
--

ALTER TABLE public.excel_app_fields ALTER COLUMN id ADD GENERATED BY DEFAULT AS IDENTITY (
    SEQUENCE NAME public.excel_app_fields_id_seq
    START WITH 1
    INCREMENT BY 1
    NO MINVALUE
    NO MAXVALUE
    CACHE 1
);


--
-- Name: excel_app_materials; Type: TABLE; Schema: public; Owner: spoural
--

CREATE TABLE public.excel_app_materials (
    id bigint NOT NULL,
    name character varying(255) NOT NULL
);


ALTER TABLE public.excel_app_materials OWNER TO spoural;

--
-- Name: excel_app_materials_defects; Type: TABLE; Schema: public; Owner: spoural
--

CREATE TABLE public.excel_app_materials_defects (
    id bigint NOT NULL,
    materials_id bigint NOT NULL,
    defects_id bigint NOT NULL
);


ALTER TABLE public.excel_app_materials_defects OWNER TO spoural;

--
-- Name: excel_app_materials_defects_id_seq; Type: SEQUENCE; Schema: public; Owner: spoural
--

ALTER TABLE public.excel_app_materials_defects ALTER COLUMN id ADD GENERATED BY DEFAULT AS IDENTITY (
    SEQUENCE NAME public.excel_app_materials_defects_id_seq
    START WITH 1
    INCREMENT BY 1
    NO MINVALUE
    NO MAXVALUE
    CACHE 1
);


--
-- Name: excel_app_materials_id_seq; Type: SEQUENCE; Schema: public; Owner: spoural
--

ALTER TABLE public.excel_app_materials ALTER COLUMN id ADD GENERATED BY DEFAULT AS IDENTITY (
    SEQUENCE NAME public.excel_app_materials_id_seq
    START WITH 1
    INCREMENT BY 1
    NO MINVALUE
    NO MAXVALUE
    CACHE 1
);


--
-- Name: excel_app_materials_recommendations; Type: TABLE; Schema: public; Owner: spoural
--

CREATE TABLE public.excel_app_materials_recommendations (
    id bigint NOT NULL,
    materials_id bigint NOT NULL,
    recommendations_id bigint NOT NULL
);


ALTER TABLE public.excel_app_materials_recommendations OWNER TO spoural;

--
-- Name: excel_app_materials_recommendations_id_seq; Type: SEQUENCE; Schema: public; Owner: spoural
--

ALTER TABLE public.excel_app_materials_recommendations ALTER COLUMN id ADD GENERATED BY DEFAULT AS IDENTITY (
    SEQUENCE NAME public.excel_app_materials_recommendations_id_seq
    START WITH 1
    INCREMENT BY 1
    NO MINVALUE
    NO MAXVALUE
    CACHE 1
);


--
-- Name: excel_app_recommendations; Type: TABLE; Schema: public; Owner: spoural
--

CREATE TABLE public.excel_app_recommendations (
    id bigint NOT NULL,
    name character varying(255) NOT NULL
);


ALTER TABLE public.excel_app_recommendations OWNER TO spoural;

--
-- Name: excel_app_recommendations_id_seq; Type: SEQUENCE; Schema: public; Owner: spoural
--

ALTER TABLE public.excel_app_recommendations ALTER COLUMN id ADD GENERATED BY DEFAULT AS IDENTITY (
    SEQUENCE NAME public.excel_app_recommendations_id_seq
    START WITH 1
    INCREMENT BY 1
    NO MINVALUE
    NO MAXVALUE
    CACHE 1
);


--
-- Name: excel_app_sheet; Type: TABLE; Schema: public; Owner: spoural
--

CREATE TABLE public.excel_app_sheet (
    id bigint NOT NULL,
    index integer NOT NULL,
    data jsonb NOT NULL,
    "countCell" character varying(10),
    name character varying(255) NOT NULL,
    section character varying(255),
    subsections jsonb,
    "contentSection" boolean NOT NULL,
    files character varying(100)
);


ALTER TABLE public.excel_app_sheet OWNER TO spoural;

--
-- Name: excel_app_sheet_id_seq; Type: SEQUENCE; Schema: public; Owner: spoural
--

ALTER TABLE public.excel_app_sheet ALTER COLUMN id ADD GENERATED BY DEFAULT AS IDENTITY (
    SEQUENCE NAME public.excel_app_sheet_id_seq
    START WITH 1
    INCREMENT BY 1
    NO MINVALUE
    NO MAXVALUE
    CACHE 1
);


--
-- Name: user_userdata; Type: TABLE; Schema: public; Owner: spoural
--

CREATE TABLE public.user_userdata (
    id bigint NOT NULL,
    data jsonb NOT NULL,
    user_id integer NOT NULL,
    "dateCreated" timestamp with time zone NOT NULL,
    "isReady" integer NOT NULL,
    filename character varying(255) NOT NULL,
    "reportName" character varying(255) NOT NULL,
    "uniqueId" character varying(40) NOT NULL
);


ALTER TABLE public.user_userdata OWNER TO spoural;

--
-- Name: user_userdata_id_seq; Type: SEQUENCE; Schema: public; Owner: spoural
--

ALTER TABLE public.user_userdata ALTER COLUMN id ADD GENERATED BY DEFAULT AS IDENTITY (
    SEQUENCE NAME public.user_userdata_id_seq
    START WITH 1
    INCREMENT BY 1
    NO MINVALUE
    NO MAXVALUE
    CACHE 1
);


--
-- Name: user_userdatafile; Type: TABLE; Schema: public; Owner: spoural
--

CREATE TABLE public.user_userdatafile (
    id bigint NOT NULL,
    file character varying(100) NOT NULL,
    key character varying(255) NOT NULL,
    user_data_id bigint NOT NULL
);


ALTER TABLE public.user_userdatafile OWNER TO spoural;

--
-- Name: user_userdatafile_id_seq; Type: SEQUENCE; Schema: public; Owner: spoural
--

ALTER TABLE public.user_userdatafile ALTER COLUMN id ADD GENERATED BY DEFAULT AS IDENTITY (
    SEQUENCE NAME public.user_userdatafile_id_seq
    START WITH 1
    INCREMENT BY 1
    NO MINVALUE
    NO MAXVALUE
    CACHE 1
);


--
-- Data for Name: auth_group; Type: TABLE DATA; Schema: public; Owner: spoural
--

COPY public.auth_group (id, name) FROM stdin;
\.


--
-- Data for Name: auth_group_permissions; Type: TABLE DATA; Schema: public; Owner: spoural
--

COPY public.auth_group_permissions (id, group_id, permission_id) FROM stdin;
\.


--
-- Data for Name: auth_permission; Type: TABLE DATA; Schema: public; Owner: spoural
--

COPY public.auth_permission (id, name, content_type_id, codename) FROM stdin;
1	Can add log entry	1	add_logentry
2	Can change log entry	1	change_logentry
3	Can delete log entry	1	delete_logentry
4	Can view log entry	1	view_logentry
5	Can add permission	2	add_permission
6	Can change permission	2	change_permission
7	Can delete permission	2	delete_permission
8	Can view permission	2	view_permission
9	Can add group	3	add_group
10	Can change group	3	change_group
11	Can delete group	3	delete_group
12	Can view group	3	view_group
13	Can add user	4	add_user
14	Can change user	4	change_user
15	Can delete user	4	delete_user
16	Can view user	4	view_user
17	Can add content type	5	add_contenttype
18	Can change content type	5	change_contenttype
19	Can delete content type	5	delete_contenttype
20	Can view content type	5	view_contenttype
21	Can add session	6	add_session
22	Can change session	6	change_session
23	Can delete session	6	delete_session
24	Can view session	6	view_session
25	Can add user data	7	add_userdata
26	Can change user data	7	change_userdata
27	Can delete user data	7	delete_userdata
28	Can view user data	7	view_userdata
29	Can add sheet	8	add_sheet
30	Can change sheet	8	change_sheet
31	Can delete sheet	8	delete_sheet
32	Can view sheet	8	view_sheet
33	Can add user input	9	add_userinput
34	Can change user input	9	change_userinput
35	Can delete user input	9	delete_userinput
36	Can view user input	9	view_userinput
37	Can add construction types	10	add_constructiontypes
38	Can change construction types	10	change_constructiontypes
39	Can delete construction types	10	delete_constructiontypes
40	Can view construction types	10	view_constructiontypes
41	Can add materials	11	add_materials
42	Can change materials	11	change_materials
43	Can delete materials	11	delete_materials
44	Can view materials	11	view_materials
45	Can add recommendations	12	add_recommendations
46	Can change recommendations	12	change_recommendations
47	Can delete recommendations	12	delete_recommendations
48	Can view recommendations	12	view_recommendations
49	Can add defects	13	add_defects
50	Can change defects	13	change_defects
51	Can delete defects	13	delete_defects
52	Can view defects	13	view_defects
53	Can add Поле	14	add_fields
54	Can change Поле	14	change_fields
55	Can delete Поле	14	delete_fields
56	Can view Поле	14	view_fields
57	Can add user data file	15	add_userdatafile
58	Can change user data file	15	change_userdatafile
59	Can delete user data file	15	delete_userdatafile
60	Can view user data file	15	view_userdatafile
\.


--
-- Data for Name: auth_user; Type: TABLE DATA; Schema: public; Owner: spoural
--

COPY public.auth_user (id, password, last_login, is_superuser, username, first_name, last_name, email, is_staff, is_active, date_joined) FROM stdin;
1	pbkdf2_sha256$870000$HpCsC7wE6ycZ6BjVeUInww$GjDErJaK4PCyOVtP7gSU0avMraeILwvSZBKDI2fl/c0=	2025-02-26 09:11:29.661158+00	t	spoural			spoural@mail.ru	t	t	2024-10-09 22:06:01.848904+00
3	pbkdf2_sha256$870000$z0r8cwNCvAblTTIp6MlrDq$DGz4jtTEwxUq3eEczgQe/jR4c/bPQsLw0dO1jOjZHP4=	\N	f	testuser				f	t	2025-01-20 02:49:11.628321+00
4	pbkdf2_sha256$870000$gOqA7uPW7gRtgDDzsmrxLe$dF1a6EnK51/w7IqTPPJXfykOrbr395KY6/EX+/Ov6D4=	\N	f	betauser				f	t	2025-01-20 02:49:31.978075+00
5	pbkdf2_sha256$870000$noDKAIft1tyG4baQ5OH3T9$FMM6C9Jvg+Vib/OYJ26QreZ2kUsgrwRX3treL0oiTVE=	\N	f	newuser				f	t	2025-01-20 02:49:52.056217+00
\.


--
-- Data for Name: auth_user_groups; Type: TABLE DATA; Schema: public; Owner: spoural
--

COPY public.auth_user_groups (id, user_id, group_id) FROM stdin;
\.


--
-- Data for Name: auth_user_user_permissions; Type: TABLE DATA; Schema: public; Owner: spoural
--

COPY public.auth_user_user_permissions (id, user_id, permission_id) FROM stdin;
\.


--
-- Data for Name: django_admin_log; Type: TABLE DATA; Schema: public; Owner: spoural
--

COPY public.django_admin_log (id, action_time, object_id, object_repr, action_flag, change_message, content_type_id, user_id) FROM stdin;
1	2024-10-14 18:11:48.581935+00	1	Sheet object (1)	1	[{"added": {}}]	8	1
2	2024-10-14 18:11:52.498677+00	1	Sheet object (1)	3		8	1
3	2024-10-14 18:12:35.157854+00	2	Sheet object (2)	1	[{"added": {}}]	8	1
4	2024-10-14 18:13:17.472042+00	2	Sheet object (2)	2	[{"changed": {"fields": ["Data"]}}]	8	1
5	2024-10-14 18:13:45.704768+00	2	Sheet object (2)	2	[{"changed": {"fields": ["Data"]}}]	8	1
6	2024-10-14 18:13:58.67901+00	2	Sheet object (2)	3		8	1
7	2024-10-24 09:34:03.465087+00	1	Снести всё нахуй	1	[{"added": {}}]	12	1
8	2024-10-24 09:34:13.64056+00	2	Починить всё	1	[{"added": {}}]	12	1
9	2024-10-24 09:35:04.666467+00	1	Снести всё нахуй	2	[]	12	1
10	2024-10-24 09:36:09.317694+00	1	Крыша говной покрыта	1	[{"added": {}}]	13	1
11	2024-10-24 09:37:04.072227+00	2	Труба сгнила	1	[{"added": {}}]	13	1
12	2024-10-24 09:37:28.659964+00	1	Труба	1	[{"added": {}}]	11	1
13	2024-10-24 09:45:31.525832+00	1	Крыша	1	[{"added": {}}]	10	1
14	2024-10-24 09:56:55.344313+00	2	Хуй	1	[{"added": {}}]	11	1
15	2024-10-24 10:07:10.124395+00	3	Залупа	1	[{"added": {}}]	11	1
16	2024-11-03 13:24:37.2231+00	2	test1	1	[{"added": {}}]	4	1
17	2024-11-04 10:18:30.444201+00	2	Труба сгнила	3		13	1
18	2024-11-04 10:18:37.460817+00	1	Крыша	3		10	1
19	2024-11-04 10:18:42.664763+00	1	Крыша говной покрыта	3		13	1
20	2024-11-04 10:18:47.614812+00	3	Залупа	3		11	1
21	2024-11-04 10:18:47.614866+00	2	Хуй	3		11	1
22	2024-11-04 10:18:47.614892+00	1	Труба	3		11	1
23	2024-11-04 10:18:52.388332+00	2	Починить всё	3		12	1
24	2024-11-04 10:18:52.388387+00	1	Снести всё нахуй	3		12	1
25	2024-11-06 14:03:46.77743+00	3	Sheet object (3)	1	[{"added": {}}]	8	1
26	2024-11-06 14:04:11.160064+00	4	Sheet object (4)	1	[{"added": {}}]	8	1
27	2024-11-07 06:04:56.875222+00	4	Sheet object (4)	3		8	1
28	2024-11-07 06:04:56.875281+00	3	Sheet object (3)	3		8	1
29	2024-11-09 10:22:43.723869+00	5	Sheet object (5)	1	[{"added": {}}]	8	1
30	2024-11-09 10:22:50.817371+00	5	Sheet object (5)	2	[]	8	1
31	2024-11-09 10:23:17.734396+00	6	Sheet object (6)	1	[{"added": {}}]	8	1
32	2024-11-09 10:26:21.525909+00	5	Sheet object (5)	3		8	1
33	2024-11-09 10:26:21.525985+00	6	Sheet object (6)	3		8	1
34	2024-11-09 10:32:58.096963+00	7	Sheet object (7)	1	[{"added": {}}]	8	1
35	2024-11-09 15:30:01.163999+00	7	Sheet object (7)	2	[{"changed": {"fields": ["data"]}}]	8	1
36	2024-11-09 15:30:44.885802+00	8	Sheet object (8)	1	[{"added": {}}]	8	1
37	2024-11-09 15:42:53.993697+00	1	Заказчик	1	[{"added": {}}]	14	1
38	2024-11-09 15:45:29.144137+00	1	Заказчик	2	[{"changed": {"fields": ["Placeholder"]}}]	14	1
39	2024-11-09 16:47:35.855625+00	2	Тип помещения	1	[{"added": {}}]	14	1
40	2024-11-09 18:55:27.719108+00	2	Тип объекта	2	[{"changed": {"fields": ["Name", "settings"]}}]	14	1
41	2024-11-09 19:54:12.358219+00	7	Sheet object (7)	2	[{"changed": {"fields": ["data"]}}]	8	1
42	2024-11-09 19:54:21.123355+00	2	Тип объекта	2	[{"changed": {"fields": ["settings"]}}]	14	1
43	2024-11-09 19:54:25.275612+00	1	Заказчик	2	[{"changed": {"fields": ["settings"]}}]	14	1
44	2024-11-09 19:54:48.92577+00	1	Заказчик	2	[{"changed": {"fields": ["Mask"]}}]	14	1
45	2024-11-09 19:55:37.01583+00	1	Заказчик	2	[{"changed": {"fields": ["Mask"]}}]	14	1
46	2024-11-10 11:47:41.418701+00	7	Sheet object (7)	2	[{"changed": {"fields": ["CountCell"]}}]	8	1
47	2024-11-10 11:48:39.395491+00	3	Адрес объекта	1	[{"added": {}}]	14	1
48	2024-11-10 14:49:34.852342+00	8	Sheet object (8)	2	[{"changed": {"fields": ["CountCell"]}}]	8	1
49	2024-11-10 17:47:23.218801+00	4	spoural - {'address': 'Ул. Ленина 18', 'customer': 'ООО МОСГАЗ', 'objectType': 'Жилое помещение'}	3		7	1
50	2024-11-10 17:47:23.218878+00	3	spoural - {'address': 'Ул. Ленина 18', 'customer': 'ООО МОСГАЗ', 'objectType': 'Жилое помещение'}	3		7	1
51	2024-11-10 17:47:23.218909+00	2	spoural - {'address': 'Ленина 51', 'customer': 'ООО МОСГАЗ', 'objectType': 'Жилой дом'}	3		7	1
52	2024-11-10 17:47:23.218934+00	1	spoural - {'address': 'Ленина 51', 'customer': 'ООО МОСГАЗ', 'objectType': 'Жилой дом'}	3		7	1
53	2024-11-10 17:59:37.074471+00	7	spoural - {'address': 'Ул. Ленина 18', 'customer': 'ООО МОСГАЗ', 'objectType': 'Жилое помещение'}	3		7	1
54	2024-11-10 17:59:37.074562+00	6	spoural - {'address': 'Ул. Ленина 18', 'customer': 'ООО МОСГАЗ', 'objectType': 'Жилое помещение'}	3		7	1
55	2024-11-10 17:59:37.074615+00	5	spoural - {'address': 'Ул. Ленина 18', 'customer': 'ООО МОСГАЗ', 'objectType': 'Жилое помещение'}	3		7	1
56	2024-11-10 21:49:16.757353+00	20	spoural - {'address': 'Ленина 51', 'customer': 'ООО МОСГАЗ', 'objectType': 'Жилой дом'}	3		7	1
57	2024-11-10 21:49:16.757414+00	19	spoural - {'address': 'Ленина 51', 'customer': 'ООО МОСГАЗ', 'objectType': 'Жилой дом'}	3		7	1
58	2024-11-10 21:49:16.757445+00	18	spoural - {'address': 'Ленина 51', 'customer': 'ООО МОСГАЗ', 'objectType': 'Жилой дом'}	3		7	1
59	2024-11-10 21:49:16.757474+00	17	spoural - {'address': 'Ленина 51', 'customer': 'ООО МОСГАЗ', 'objectType': 'Жилой дом'}	3		7	1
60	2024-11-10 21:49:16.757502+00	16	spoural - {'address': 'Ленина 51', 'customer': 'ООО МОСГАЗ', 'objectType': 'Жилой дом'}	3		7	1
61	2024-11-10 21:49:16.757528+00	15	spoural - {'address': 'Ул. Ленина 18', 'customer': 'ООО МОСГАЗ', 'objectType': 'Жилое помещение'}	3		7	1
62	2024-11-10 21:49:16.757554+00	14	spoural - {'address': 'Ул. Ленина 18', 'customer': 'ООО МОСГАЗ', 'objectType': 'Жилое помещение'}	3		7	1
63	2024-11-10 21:49:16.757579+00	13	spoural - {'address': 'Ленина 51', 'customer': 'ООО МОСГАЗ', 'objectType': 'Жилой дом'}	3		7	1
64	2024-11-10 21:49:16.757604+00	12	spoural - {'address': 'Ленина 51', 'customer': 'ООО МОСГАЗ', 'objectType': 'Жилой дом'}	3		7	1
65	2024-11-10 21:49:16.757628+00	11	spoural - {'address': 'Ул. Ленина 18', 'customer': 'ООО МОСГАЗ', 'objectType': 'Жилое помещение'}	3		7	1
66	2024-11-10 21:49:16.757651+00	10	spoural - {'address': 'Ул. Ленина 18', 'customer': 'ООО МОСГАЗ', 'objectType': 'Жилое помещение'}	3		7	1
67	2024-11-10 21:49:16.757676+00	9	spoural - {'address': 'Ул. Ленина 18', 'customer': 'ООО МОСГАЗ', 'objectType': 'Жилое помещение'}	3		7	1
68	2024-11-10 21:49:16.7577+00	8	spoural - {'address': 'Ул. Ленина 18', 'customer': 'ООО МОСГАЗ', 'objectType': 'Жилое помещение'}	3		7	1
69	2024-11-11 00:39:33.508955+00	1	Заказчик	2	[{"changed": {"fields": ["Step", "Position"]}}]	14	1
70	2024-11-11 00:39:38.991883+00	2	Тип объекта	2	[{"changed": {"fields": ["Step", "Position"]}}]	14	1
71	2024-11-11 00:39:45.97786+00	3	Адрес объекта	2	[{"changed": {"fields": ["Step", "Position"]}}]	14	1
72	2024-11-19 09:13:48.751295+00	1	Заказчик	2	[{"changed": {"fields": ["settings"]}}]	14	1
73	2024-11-19 09:51:41.469317+00	2	Тип объекта	2	[{"changed": {"fields": ["settings"]}}]	14	1
74	2024-11-19 09:55:43.278702+00	2	Тип объекта	2	[{"changed": {"fields": ["settings"]}}]	14	1
75	2024-11-19 10:07:16.200508+00	7	Sheet object (7)	2	[{"changed": {"fields": ["data"]}}]	8	1
76	2024-11-20 12:53:48.330609+00	7	Sheet object (7)	2	[{"changed": {"fields": ["data"]}}]	8	1
77	2024-11-20 12:54:03.328886+00	8	Sheet object (8)	2	[{"changed": {"fields": ["data"]}}]	8	1
78	2024-11-20 13:02:17.32178+00	7	Sheet object (7)	2	[{"changed": {"fields": ["data"]}}]	8	1
79	2024-11-20 13:20:15.015083+00	1	Заказчик	2	[]	14	1
80	2024-11-20 16:12:58.943459+00	9	Sheet object (9)	1	[{"added": {}}]	8	1
81	2024-11-21 14:47:42.991882+00	24	spoural - {"address": "\\u0423\\u043b. \\u041b\\u0435\\u043d\\u0438\\u043d\\u0430 18", "customer": "\\u041e\\u041e\\u041e \\u041c\\u041e\\u0421\\u0413\\u0410\\u0417", "objectType": "\\u0416\\u0438\\u043b\\u043e\\u0435 \\u04	2	[{"changed": {"fields": ["data", "IsReady"]}}]	7	1
82	2024-11-21 14:51:25.752905+00	24	spoural - {"address": "\\u0423\\u043b. \\u041b\\u0435\\u043d\\u0438\\u043d\\u0430 18", "customer": "\\u041e\\u041e\\u041e \\u041c\\u041e\\u0421\\u0413\\u0410\\u0417", "objectType": "\\u0416\\u0438\\u043b\\u043e\\u0435 \\u04	2	[{"changed": {"fields": ["File name"]}}]	7	1
83	2024-11-21 14:51:42.363577+00	24	spoural - {"address": "\\u0423\\u043b. \\u041b\\u0435\\u043d\\u0438\\u043d\\u0430 18", "customer": "\\u041e\\u041e\\u041e \\u041c\\u041e\\u0421\\u0413\\u0410\\u0417", "objectType": "\\u0416\\u0438\\u043b\\u043e\\u0435 \\u04	2	[{"changed": {"fields": ["File name"]}}]	7	1
84	2024-11-21 14:52:29.752097+00	23	spoural - {"address": "\\u0423\\u043b. \\u041b\\u0435\\u043d\\u0438\\u043d\\u0430 18", "customer": "\\u041e\\u041e\\u041e \\u041c\\u041e\\u0421\\u0413\\u0410\\u0417", "objectType": "\\u0416\\u0438\\u043b\\u043e\\u0435 \\u04	2	[{"changed": {"fields": ["File name", "data"]}}]	7	1
85	2024-11-21 14:52:34.436157+00	22	spoural - {"address": "\\u0423\\u043b. \\u041b\\u0435\\u043d\\u0438\\u043d\\u0430 18", "customer": "\\u041e\\u041e\\u041e \\u041c\\u041e\\u0421\\u0413\\u0410\\u0417", "objectType": "\\u0416\\u0438\\u043b\\u043e\\u0435 \\u04	2	[{"changed": {"fields": ["File name", "data"]}}]	7	1
86	2024-11-21 14:56:03.391832+00	24	spoural - {"address": "\\u0423\\u043b. \\u041b\\u0435\\u043d\\u0438\\u043d\\u0430 18", "customer": "\\u041e\\u041e\\u041e \\u041c\\u041e\\u0421\\u0413\\u0410\\u0417", "objectType": "\\u0416\\u0438\\u043b\\u043e\\u0435 \\u04	2	[{"changed": {"fields": ["IsReady"]}}]	7	1
87	2024-11-21 15:03:53.66942+00	23	spoural - {"address": "\\u0423\\u043b. \\u041b\\u0435\\u043d\\u0438\\u043d\\u0430 18", "customer": "\\u041e\\u041e\\u041e \\u041c\\u041e\\u0421\\u0413\\u0410\\u0417", "objectType": "\\u0416\\u0438\\u043b\\u043e\\u0435 \\u04	2	[{"changed": {"fields": ["IsReady"]}}]	7	1
88	2024-11-22 16:05:08.076028+00	10	Sheet object (10)	1	[{"added": {}}]	8	1
89	2024-11-22 16:09:02.750035+00	10	Sheet object (10)	3		8	1
90	2024-11-22 16:51:43.079567+00	8	Sheet object (8)	2	[{"changed": {"fields": ["data"]}}]	8	1
91	2024-11-22 16:51:51.64358+00	8	Sheet object (8)	2	[{"changed": {"fields": ["data"]}}]	8	1
92	2024-11-22 22:01:46.738397+00	1	Заказчик	2	[{"changed": {"fields": ["Step"]}}]	14	1
93	2024-11-22 22:58:04.914143+00	24	spoural - {"address": "\\u0423\\u043b. \\u041b\\u0435\\u043d\\u0438\\u043d\\u0430 18", "customer": "\\u041e\\u041e\\u041e \\u041c\\u041e\\u0421\\u0413\\u0410\\u0417", "objectType": "\\u0416\\u0438\\u043b\\u043e\\u0435 \\u04	2	[{"changed": {"fields": ["File name"]}}]	7	1
94	2024-11-22 22:58:15.188541+00	22	spoural - {"address": "\\u0423\\u043b. \\u041b\\u0435\\u043d\\u0438\\u043d\\u0430 18", "customer": "\\u041e\\u041e\\u041e \\u041c\\u041e\\u0421\\u0413\\u0410\\u0417", "objectType": "\\u0416\\u0438\\u043b\\u043e\\u0435 \\u04	2	[{"changed": {"fields": ["File name"]}}]	7	1
95	2024-11-22 22:58:25.988687+00	23	spoural - {"address": "\\u0423\\u043b. \\u041b\\u0435\\u043d\\u0438\\u043d\\u0430 18", "customer": "\\u041e\\u041e\\u041e \\u041c\\u041e\\u0421\\u0413\\u0410\\u0417", "objectType": "\\u0416\\u0438\\u043b\\u043e\\u0435 \\u04	2	[{"changed": {"fields": ["File name"]}}]	7	1
96	2024-11-22 23:21:18.42961+00	7	Sheet object (7)	2	[{"changed": {"fields": ["data"]}}]	8	1
97	2024-11-22 23:21:33.859917+00	8	Sheet object (8)	2	[{"changed": {"fields": ["data"]}}]	8	1
98	2024-11-22 23:21:53.014441+00	9	Sheet object (9)	2	[{"changed": {"fields": ["data"]}}]	8	1
99	2024-11-22 23:27:22.908864+00	9	Sheet object (9)	2	[{"changed": {"fields": ["data"]}}]	8	1
100	2024-11-22 23:27:38.786838+00	9	Sheet object (9)	3		8	1
101	2024-11-22 23:28:28.778975+00	28	spoural - {'address': 'Ул. Ленина 18', 'customer': 'ООО МОСГАЗ', 'objectType': 'Жилое помещение'}	3		7	1
102	2024-11-22 23:28:28.77903+00	27	spoural - {'address': 'Ул. Ленина 18', 'customer': 'ООО МОСГАЗ', 'objectType': 'Жилое помещение'}	3		7	1
103	2024-11-22 23:28:28.779059+00	26	spoural - {'address': 'Ул. Ленина 18', 'customer': 'ООО МОСГАЗ', 'objectType': 'Жилое помещение'}	3		7	1
104	2024-11-22 23:28:28.779082+00	25	spoural - {'code': '11/01/TO-BO', 'customer': 'Абоба', 'objectType': 'Жилой дом'}	3		7	1
105	2024-11-22 23:28:28.779102+00	24	spoural - {"address": "\\u0423\\u043b. \\u041b\\u0435\\u043d\\u0438\\u043d\\u0430 18", "customer": "\\u041e\\u041e\\u041e \\u041c\\u041e\\u0421\\u0413\\u0410\\u0417", "objectType": "\\u0416\\u0438\\u043b\\u043e\\u0435 \\u04	3		7	1
106	2024-11-22 23:28:28.779121+00	23	spoural - {"address": "\\u0423\\u043b. \\u041b\\u0435\\u043d\\u0438\\u043d\\u0430 18", "customer": "\\u041e\\u041e\\u041e \\u041c\\u041e\\u0421\\u0413\\u0410\\u0417", "objectType": "\\u0416\\u0438\\u043b\\u043e\\u0435 \\u04	3		7	1
107	2024-11-22 23:28:28.77914+00	22	spoural - {"address": "\\u0423\\u043b. \\u041b\\u0435\\u043d\\u0438\\u043d\\u0430 18", "customer": "\\u041e\\u041e\\u041e \\u041c\\u041e\\u0421\\u0413\\u0410\\u0417", "objectType": "\\u0416\\u0438\\u043b\\u043e\\u0435 \\u04	3		7	1
108	2024-11-22 23:28:28.77916+00	21	spoural - {'address': 'Ул. Ленина 18', 'customer': 'ООО МОСГАЗ', 'objectType': 'Жилое помещение'}	3		7	1
109	2024-11-22 23:34:39.963266+00	29	spoural - {'address': 'Ул. Ленина 18', 'customer': 'ООО МОСГАЗ', 'objectType': 'Жилое помещение'}	3		7	1
110	2024-11-22 23:55:58.583243+00	11	Sheet object (11)	1	[{"added": {}}]	8	1
111	2024-11-22 23:56:22.608652+00	11	Sheet object (11)	2	[{"changed": {"fields": ["data"]}}]	8	1
112	2024-11-22 23:57:51.34599+00	11	Sheet object (11)	2	[{"changed": {"fields": ["CountCell", "data"]}}]	8	1
113	2024-11-22 23:58:08.866485+00	11	Sheet object (11)	2	[{"changed": {"fields": ["data"]}}]	8	1
114	2024-11-22 23:59:00.498794+00	11	Sheet object (11)	2	[{"changed": {"fields": ["data"]}}]	8	1
115	2024-11-23 00:00:07.433243+00	11	Sheet object (11)	2	[]	8	1
116	2024-11-23 00:00:42.362967+00	11	Sheet object (11)	2	[{"changed": {"fields": ["data"]}}]	8	1
117	2024-11-24 11:10:53.660241+00	7	Sheet object (7)	2	[{"changed": {"fields": ["data"]}}]	8	1
118	2024-11-24 11:11:29.938657+00	7	Sheet object (7)	2	[]	8	1
119	2024-11-24 11:11:40.534841+00	35	spoural - {'code': '10/10/ОБ-ТО', 'address': 'Ул. Ленина 18', 'customer': 'ООО МОСГАЗ', 'developer': 'Иванов Иван', 'objectType': 'Жилое помещение', 'reportDate': '10.10.24'}	3		7	1
120	2024-11-24 11:11:40.534898+00	34	spoural - {'code': '10/10/ОБ-ТО', 'address': 'Ул. Ленина 18', 'customer': 'ООО МОСГАЗ', 'developer': 'Иванов Иван', 'objectType': 'Жилое помещение', 'reportDate': '10.10.24'}	3		7	1
121	2024-11-24 11:11:40.534928+00	33	spoural - {'address': 'Ул. Ленина 18', 'customer': 'ООО МОСГАЗ', 'objectType': 'Жилое помещение'}	3		7	1
122	2024-11-24 11:11:40.534954+00	32	spoural - {'address': 'Ул. Ленина 18', 'customer': 'ООО МОСГАЗ', 'objectType': 'Жилое помещение'}	3		7	1
123	2024-11-24 11:11:40.534976+00	31	spoural - {'address': 'Ул. Ленина 18', 'customer': 'ООО МОСГАЗ', 'objectType': 'Жилое помещение'}	3		7	1
124	2024-11-24 11:11:40.534999+00	30	spoural - {'address': 'Ул. Ленина 18', 'customer': 'ООО МОСГАЗ', 'objectType': 'Жилое помещение'}	3		7	1
125	2024-11-24 11:37:31.330434+00	37	spoural - {'code': '10/10/ОБ-ТО', 'address': 'Ул. Ленина 18', 'customer': 'ООО МОСГАЗ', 'developer': 'Иванов Иван', 'objectType': 'Жилое помещение', 'reportDate': '10.10.24'}	3		7	1
126	2024-11-24 11:37:31.330497+00	36	spoural - {'code': '10/10/ОБ-ТО', 'address': 'Ул. Ленина 18', 'customer': 'ООО МОСГАЗ', 'developer': 'Иванов Иван', 'objectType': 'Жилое помещение', 'reportDate': '10.10.24'}	3		7	1
127	2024-11-24 11:56:04.293647+00	38	spoural - {'code': '10/10/ОБ-ТО', 'address': 'Ул. Ленина 18', 'customer': 'ООО МОСГАЗ', 'developer': 'Иванов Иван', 'objectType': 'Жилое помещение', 'reportDate': '10.10.24'}	3		7	1
128	2024-12-01 12:00:19.507219+00	39	spoural - {"code": "01/10/11\\u041e\\u0411-\\u0422\\u041e", "address": "\\u0443\\u043b. \\u041b\\u0435\\u043d\\u0438\\u043d\\u0430 12", "customer": "\\u0412\\u043e\\u043d\\u0436\\u0443\\u043b\\u043e\\u0432 \\u041d.\\u0421.	2	[{"changed": {"fields": ["data", "IsReady"]}}]	7	1
129	2024-12-01 12:08:18.728369+00	39	spoural - {"code": "01/10/11\\u041e\\u0411-\\u0422\\u041e", "address": "\\u0443\\u043b. \\u041b\\u0435\\u043d\\u0438\\u043d\\u0430 12", "customer": "\\u0412\\u043e\\u043d\\u0436\\u0443\\u043b\\u043e\\u0432 \\u041d.\\u0421.	2	[{"changed": {"fields": ["IsReady"]}}]	7	1
130	2024-12-01 13:27:40.129119+00	40	spoural - {'code': '01/10/11ОБ-ТО', 'address': 'ул. Ленина 12', 'customer': 'Вонжулов Н.С.', 'developer': 'Иванов И. И.', 'objectType': 'Жилой дом', 'reportDate': '01.12.24', 'checkupType': 'Техническ	3		7	1
131	2024-12-01 13:55:39.734331+00	42	spoural - {'code': '01/10/11ОБ-ТО', 'address': 'ул. Ленина 12', 'customer': 'Вонжулов Н.С.', 'developer': 'Иванов И. И.', 'objectType': 'Жилой дом', 'reportDate': '01.12.24', 'checkupType': 'Техническ	3		7	1
132	2024-12-01 14:10:43.152709+00	44	spoural - {'code': '01/10/11ОБ-ТО', 'address': 'ул. Ленина 12', 'customer': 'Вонжулов Н.С.', 'developer': 'Иванов И. И.', 'objectType': 'Жилой дом', 'reportDate': '01.12.24', 'checkupType': 'Техническ	3		7	1
133	2024-12-01 14:18:00.700094+00	12	Sheet object (12)	1	[{"added": {}}]	8	1
134	2024-12-01 14:30:49.202639+00	13	Sheet object (13)	1	[{"added": {}}]	8	1
135	2024-12-01 14:31:07.938689+00	14	Sheet object (14)	1	[{"added": {}}]	8	1
136	2024-12-01 14:40:43.399554+00	14	Sheet object (14)	2	[{"changed": {"fields": ["data"]}}]	8	1
137	2024-12-01 14:41:29.78809+00	14	Sheet object (14)	2	[{"changed": {"fields": ["data"]}}]	8	1
138	2024-12-01 14:41:41.880102+00	13	Sheet object (13)	2	[{"changed": {"fields": ["data"]}}]	8	1
139	2024-12-01 14:45:16.849093+00	48	spoural - {'code': '01/10/11ОБ-ТО', 'address': 'ул. Ленина 12', 'customer': 'Вонжулов Н.С.', 'developer': 'Иванов И. И.', 'objectType': 'Жилой дом', 'reportDate': '01.12.24', 'checkupType': 'Техническ	3		7	1
140	2024-12-01 14:45:16.849146+00	47	spoural - {'code': '01/10/11ОБ-ТО', 'address': 'ул. Ленина 12', 'customer': 'Вонжулов Н.С.', 'developer': 'Иванов И. И.', 'objectType': 'Жилой дом', 'reportDate': '01.12.24', 'checkupType': 'Техническ	3		7	1
141	2024-12-01 14:45:16.849174+00	46	spoural - {'code': '01/10/11ОБ-ТО', 'address': 'ул. Ленина 12', 'customer': 'Вонжулов Н.С.', 'developer': 'Иванов И. И.', 'objectType': 'Жилой дом', 'reportDate': '01.12.24', 'checkupType': 'Техническ	3		7	1
142	2024-12-01 14:51:12.71747+00	14	Sheet object (14)	2	[{"changed": {"fields": ["data"]}}]	8	1
143	2024-12-01 15:25:26.245726+00	67	spoural - {'code': '01/10/11ОБ-ТО', 'address': 'ул. Ленина 12', 'customer': 'Вонжулов Н.С.', 'developer': 'Иванов И. И.', 'objectType': 'Жилой дом', 'reportDate': '01.12.24', 'checkupType': 'Техническ	3		7	1
144	2024-12-01 15:25:26.245825+00	63	spoural - {'address': 'Ленина 51', 'customer': 'ООО МОСГАЗ', 'objectType': 'Жилой дом'}	3		7	1
145	2024-12-01 15:25:26.245886+00	58	spoural - {'address': 'Ленина 51', 'customer': 'ООО МОСГАЗ', 'objectType': 'Жилой дом'}	3		7	1
146	2024-12-04 12:16:52.659256+00	12	Sheet object (12)	2	[{"changed": {"fields": ["data"]}}]	8	1
147	2024-12-04 12:18:03.982968+00	13	Sheet object (13)	2	[{"changed": {"fields": ["data"]}}]	8	1
148	2024-12-04 12:21:32.957564+00	15	Sheet object (15)	1	[{"added": {}}]	8	1
149	2024-12-04 12:29:40.6758+00	14	Sheet object (14)	2	[{"changed": {"fields": ["data"]}}]	8	1
150	2024-12-04 12:35:10.452572+00	16	Sheet object (16)	1	[{"added": {}}]	8	1
151	2024-12-04 12:56:02.551218+00	17	Sheet object (17)	1	[{"added": {}}]	8	1
152	2024-12-04 12:56:40.933262+00	17	Sheet object (17)	2	[{"changed": {"fields": ["data"]}}]	8	1
153	2024-12-04 13:53:16.589183+00	17	Sheet object (17)	2	[{"changed": {"fields": ["data"]}}]	8	1
154	2024-12-04 14:03:34.126372+00	17	Sheet object (17)	2	[{"changed": {"fields": ["data"]}}]	8	1
155	2024-12-04 14:05:29.203749+00	16	Sheet object (16)	2	[{"changed": {"fields": ["data"]}}]	8	1
156	2024-12-05 12:41:39.403636+00	18	Sheet object (18)	1	[{"added": {}}]	8	1
157	2024-12-05 12:41:56.071021+00	18	Sheet object (18)	2	[]	8	1
158	2024-12-05 17:28:02.615569+00	18	Sheet object (18)	2	[{"changed": {"fields": ["data"]}}]	8	1
159	2024-12-05 17:30:05.820478+00	18	Sheet object (18)	2	[]	8	1
160	2024-12-05 17:31:08.085085+00	16	Sheet object (16)	2	[{"changed": {"fields": ["data"]}}]	8	1
161	2024-12-05 17:31:47.625301+00	15	Sheet object (15)	2	[{"changed": {"fields": ["data"]}}]	8	1
162	2024-12-05 17:32:31.317557+00	14	Sheet object (14)	2	[{"changed": {"fields": ["data"]}}]	8	1
163	2024-12-05 17:37:05.198925+00	18	Sheet object (18)	2	[{"changed": {"fields": ["data"]}}]	8	1
164	2024-12-05 17:43:26.365526+00	18	Sheet object (18)	2	[{"changed": {"fields": ["data"]}}]	8	1
165	2024-12-05 20:23:46.155511+00	86	spoural - {'code': '02/12/12ОБ-ТО', 'address': 'Ленина 51', 'customer': 'ООО МОСГАЗ', 'objectType': 'Жилой дом', 'documentation': '[{"name":"Первый","year":"2024","developer":"Вонжулов Н."},{"name":"В	3		7	1
166	2024-12-05 20:23:46.155583+00	85	spoural - {'code': '02/12/12ОБ-ТО', 'address': 'Ленина 51', 'customer': 'ООО МОСГАЗ', 'objectType': 'Жилой дом', 'documentation': '[{"name":"Первый","year":"2024","developer":"Вонжулов Н."},{"name":"В	3		7	1
167	2024-12-05 20:23:46.15562+00	84	spoural - {'code': '02/12/12ОБ-ТО', 'address': 'Ленина 51', 'customer': 'ООО МОСГАЗ', 'objectType': 'Жилой дом', 'documentation': '[{"name":"Первый","year":"2024","developer":"Вонжулов Н."},{"name":"В	3		7	1
168	2024-12-05 20:23:46.155649+00	83	spoural - {'code': '02/12/12ОБ-ТО', 'address': 'Ленина 51', 'customer': 'ООО МОСГАЗ', 'objectType': 'Жилой дом', 'documentation': '[{"name":"Первый","year":"2024","developer":"Вонжулов Н."},{"name":"В	3		7	1
169	2024-12-05 20:23:46.155687+00	82	spoural - {'code': '02/12/12ОБ-ТО', 'address': 'Ленина 51', 'customer': 'ООО МОСГАЗ', 'objectType': 'Жилой дом', 'documentation': '[{"name":"Первый","year":"2024","developer":"Вонжулов Н."},{"name":"В	3		7	1
170	2024-12-05 20:23:46.155716+00	81	spoural - {'code': '02/12/12ОБ-ТО', 'address': 'Ленина 51', 'customer': 'ООО МОСГАЗ', 'objectType': 'Жилой дом', 'documentation': '[{"name":"Первый","year":"2024","developer":"Вонжулов Н."},{"name":"В	3		7	1
171	2024-12-05 20:23:46.155742+00	80	spoural - {'code': '02/12/12ОБ-ТО', 'address': 'Ленина 51', 'customer': 'ООО МОСГАЗ', 'objectType': 'Жилой дом', 'documentation': '[{"name":"Первый","year":"2024","developer":"Вонжулов Н."},{"name":"В	3		7	1
172	2024-12-05 20:23:46.155768+00	79	spoural - {'code': '02/12/12ОБ-ТО', 'address': 'Ленина 51', 'customer': 'ООО МОСГАЗ', 'objectType': 'Жилой дом', 'documentation': '[{"name":"Первый","year":"2024","developer":"Вонжулов Н."},{"name":"В	3		7	1
173	2024-12-05 20:23:46.155794+00	78	spoural - {'code': '02/12/12ОБ-ТО', 'address': 'Ленина 51', 'customer': 'ООО МОСГАЗ', 'objectType': 'Жилой дом', 'documentation': '[{"name":"ТЗ","year":2024},{"name":"ТЗ1","year":2024},{"name":"ТЗ2","	3		7	1
174	2024-12-05 20:23:46.155819+00	77	spoural - {'code': '02/12/12ОБ-ТО', 'address': 'Ленина 51', 'customer': 'ООО МОСГАЗ', 'objectType': 'Жилой дом', 'documentation': '[{"name":"ТЗ","year":2024}]'}	3		7	1
175	2024-12-05 20:23:46.155843+00	76	spoural - {'code': '02/12/12ОБ-ТО', 'address': 'Ленина 51', 'customer': 'ООО МОСГАЗ', 'objectType': 'Жилой дом', 'documentation': '[{"name":"ТЗ","year":2024}]'}	3		7	1
176	2024-12-05 20:23:46.155867+00	75	spoural - {'code': '02/12/12ОБ-ТО', 'address': 'Ленина 51', 'customer': 'ООО МОСГАЗ', 'objectType': 'Жилой дом', 'documentation': '[{"name":"ТЗ","year":2024}]'}	3		7	1
177	2024-12-05 20:23:46.155891+00	74	spoural - {'code': '02/12/12ОБ-ТО', 'address': 'Ленина 51', 'customer': 'ООО МОСГАЗ', 'objectType': 'Жилой дом', 'documentation': '[{"name":"ТЗ","year":2024}]'}	3		7	1
178	2024-12-05 20:23:46.155914+00	73	spoural - {'code': '02/12/12ОБ-ТО', 'address': 'Ленина 51', 'customer': 'ООО МОСГАЗ', 'objectType': 'Жилой дом', 'documentation': '[{"name":"ТЗ","year":2024}]'}	3		7	1
179	2024-12-05 20:23:46.155937+00	72	spoural - {'address': 'Ленина 51', 'customer': 'ООО МОСГАЗ', 'objectType': 'Жилой дом'}	3		7	1
180	2024-12-05 20:23:46.155961+00	71	spoural - {'code': '02/12/12ОБ-ТО', 'address': 'Ул. Лечебная 16', 'customer': 'Вонжулов Никита', 'objectType': 'Жилое помещение', 'documentation': '[{"name": "ТЗ", "year":"2023", "developer":"Вонжулов	3		7	1
181	2024-12-05 20:23:46.155984+00	70	spoural - {'code': '02/12/12ОБ-ТО', 'address': 'Ул. Лечебная 16', 'customer': 'Вонжулов Никита', 'objectType': 'Жилое помещение'}	3		7	1
182	2024-12-05 20:23:46.156008+00	69	spoural - {'code': '01/10/11ОБ-ТО', 'address': 'ул. Ленина 12', 'customer': 'Вонжулов Н.С.', 'developer': 'Иванов И. И.', 'objectType': 'Жилой дом', 'reportDate': '01.12.24', 'checkupType': 'Техническ	3		7	1
183	2024-12-07 11:38:33.628841+00	102	spoural - {'code': '02/12/12ОБ-ТО', 'file': '', 'address': 'Ленина 51', 'customer': 'ООО МОСГАЗ', 'objectType': 'Жилой дом', 'documentation': '[{"name":"Первый","year":"2024","developer":"Вонжулов Н."	3		7	1
184	2024-12-07 11:38:33.628915+00	101	spoural - {'code': '02/12/12ОБ-ТО', 'file': '', 'address': 'Ленина 51', 'customer': 'ООО МОСГАЗ', 'objectType': 'Жилой дом', 'documentation': '[{"name":"Первый","year":"2024","developer":"Вонжулов Н."	3		7	1
185	2024-12-07 11:38:33.628964+00	100	spoural - {'code': '02/12/12ОБ-ТО', 'file': '', 'address': 'Ленина 51', 'customer': 'ООО МОСГАЗ', 'objectType': 'Жилой дом', 'documentation': '[{"name":"Первый","year":"2024","developer":"Вонжулов Н."	3		7	1
186	2024-12-07 11:38:33.628998+00	99	spoural - {'code': '02/12/12ОБ-ТО', 'file': '', 'address': 'Ленина 51', 'customer': 'ООО МОСГАЗ', 'objectType': 'Жилой дом', 'documentation': '[{"name":"Первый","year":"2024","developer":"Вонжулов Н."	3		7	1
187	2024-12-07 11:38:33.629027+00	98	spoural - {'code': '02/12/12ОБ-ТО', 'file': '', 'address': 'Ленина 51', 'customer': 'ООО МОСГАЗ', 'objectType': 'Жилой дом', 'documentation': '[{"name":"Первый","year":"2024","developer":"Вонжулов Н."	3		7	1
188	2024-12-07 11:38:33.629055+00	97	spoural - {'code': '02/12/12ОБ-ТО', 'file': '', 'address': 'Ленина 51', 'customer': 'ООО МОСГАЗ', 'objectType': 'Жилой дом', 'documentation': '[{"name":"Первый","year":"2024","developer":"Вонжулов Н."	3		7	1
189	2024-12-07 11:38:33.62908+00	96	spoural - {'code': '02/12/12ОБ-ТО', 'file': '', 'address': 'Ленина 51', 'customer': 'ООО МОСГАЗ', 'objectType': 'Жилой дом', 'documentation': ''}	3		7	1
190	2024-12-07 11:38:33.629105+00	95	spoural - {'code': '02/12/12ОБ-ТО', 'file': '', 'address': 'Ленина 51', 'customer': 'ООО МОСГАЗ', 'objectType': 'Жилой дом', 'documentation': '[{"name":"Первый","year":"2024","developer":"Вонжулов Н."	3		7	1
191	2024-12-07 11:38:33.62914+00	94	spoural - {'code': '02/12/12ОБ-ТО', 'file': '', 'address': 'Ленина 51', 'customer': 'ООО МОСГАЗ', 'objectType': 'Жилой дом', 'documentation': '[{"name":"Первый","year":"2024","developer":"Вонжулов Н."	3		7	1
192	2024-12-07 11:38:33.629168+00	93	spoural - {'code': '02/12/12ОБ-ТО', 'file': '', 'address': 'Ленина 51', 'customer': 'ООО МОСГАЗ', 'objectType': 'Жилой дом', 'documentation': '[{"name":"Первый","year":"2024","developer":"Вонжулов Н."	3		7	1
193	2024-12-07 11:38:33.629209+00	92	spoural - {'code': '02/12/12ОБ-ТО', 'file': '', 'address': 'Ленина 51', 'customer': 'ООО МОСГАЗ', 'objectType': 'Жилой дом', 'documentation': '[{"name":"Первый","year":"2024","developer":"Вонжулов Н."	3		7	1
194	2024-12-07 11:38:33.629239+00	91	spoural - {'code': '02/12/12ОБ-ТО', 'file': '', 'address': 'Ленина 51', 'customer': 'ООО МОСГАЗ', 'objectType': 'Жилой дом', 'documentation': '[{"name":"Первый","year":"2024","developer":"Вонжулов Н."	3		7	1
195	2024-12-07 11:38:33.629263+00	90	spoural - {'code': '02/12/12ОБ-ТО', 'file': '', 'address': 'Ленина 51', 'customer': 'ООО МОСГАЗ', 'objectType': 'Жилой дом', 'documentation': '[{"name":"Первый","year":"2024","developer":"Вонжулов Н."	3		7	1
196	2024-12-07 11:38:33.629287+00	89	spoural - {'code': '02/12/12ОБ-ТО', 'file': '', 'address': 'Ленина 51', 'customer': 'ООО МОСГАЗ', 'objectType': 'Жилой дом', 'documentation': '[{"name":"Первый","year":"2024","developer":"Вонжулов Н."	3		7	1
197	2024-12-07 11:38:33.629319+00	88	spoural - {'code': '02/12/12ОБ-ТО', 'file': '', 'address': 'Ленина 51', 'customer': 'ООО МОСГАЗ', 'objectType': 'Жилой дом', 'documentation': '[{"name":"Первый","year":"2024","developer":"Вонжулов Н."	3		7	1
198	2024-12-07 11:38:33.629346+00	87	spoural - {'code': '02/12/12ОБ-ТО', 'file': '', 'address': 'Ленина 51', 'customer': 'ООО МОСГАЗ', 'objectType': 'Жилой дом', 'documentation': '[{"name":"Первый","year":"2024","developer":"Вонжулов Н."	3		7	1
199	2024-12-08 11:40:01.421022+00	1	Заказчик	2	[{"changed": {"fields": ["Mask"]}}]	14	1
200	2024-12-08 11:40:11.107018+00	3	Адрес объекта	2	[{"changed": {"fields": ["Mask"]}}]	14	1
201	2024-12-08 12:22:46.139313+00	2	Тип объекта	2	[{"changed": {"fields": ["Position"]}}]	14	1
202	2024-12-08 12:22:54.174962+00	3	Адрес объекта	2	[{"changed": {"fields": ["Position"]}}]	14	1
203	2024-12-08 14:34:23.140713+00	2	Тип объекта	2	[{"changed": {"fields": ["settings"]}}]	14	1
204	2024-12-08 14:53:40.558444+00	2	Тип объекта	2	[{"changed": {"fields": ["settings"]}}]	14	1
205	2024-12-08 16:25:43.579998+00	1	Заказчик	2	[{"changed": {"fields": ["Mask"]}}]	14	1
206	2024-12-08 17:19:41.242604+00	109	spoural - {'code': '02/12/12ОБ-ТО', 'file': '', 'address': 'Ленина 51', 'customer': 'ООО МОСГАЗ', 'objectType': 'Жилой дом', 'reportDate': '01.01.24', 'documentation': '[{"name":"Первый","year":"2024"	3		7	1
207	2024-12-08 17:19:41.242663+00	108	spoural - {'code': '01/01/ОБ-ТО', 'customer': 'Вонжулов Никита', 'reportDate': '01.01.24'}	3		7	1
208	2024-12-08 17:19:41.242698+00	107	spoural - {'code': '02/12/12ОБ-ТО', 'file': '', 'address': 'Ленина 51', 'customer': 'ООО МОСГАЗ', 'objectType': 'Жилой дом', 'reportDate': '01.01.24', 'documentation': '[{"name":"Первый","year":"2024"	3		7	1
209	2024-12-08 17:19:41.242726+00	106	spoural - {'code': '02/12/12ОБ-ТО', 'file': '', 'address': 'Ленина 51', 'customer': 'ООО МОСГАЗ', 'objectType': 'Жилой дом', 'documentation': '[{"name":"Первый","year":"2024","developer":"Вонжулов Н."	3		7	1
210	2024-12-08 17:19:41.242753+00	105	spoural - {'code': '02/12/12ОБ-ТО', 'file': '', 'address': 'Ленина 51', 'customer': 'ООО МОСГАЗ', 'objectType': 'Жилой дом', 'documentation': '[{"name":"Первый","year":"2024","developer":"Вонжулов Н."	3		7	1
211	2024-12-08 17:19:41.242777+00	104	spoural - {'code': '01/01/ОБ-ТО', 'customer': 'Вонжулов Никита', 'reportDate': '01.01.24'}	3		7	1
212	2024-12-08 17:19:41.242799+00	103	spoural - {'code': '01/01/ОБ-ТО', 'customer': 'Вонжулов Никита', 'reportDate': '01.01.24'}	3		7	1
213	2024-12-08 17:32:05.274937+00	114	spoural - {'code': '01/01/ОБ-ТО', 'customer': 'Вонжулов Никита', 'reportDate': '01.01.24'}	3		7	1
214	2024-12-08 17:32:05.275012+00	113	spoural - {'code': '02/12/12ОБ-ТО', 'file': '', 'address': 'Ленина 51', 'customer': 'Вонжулов Никита', 'objectType': 'Жилой дом', 'reportDate': '01.01.24', 'documentation': '[{"name":"Первый","year":"	3		7	1
215	2024-12-08 17:32:05.275048+00	112	spoural - {'code': '02/12/12ОБ-ТО', 'file': '', 'address': 'Ленина 51', 'customer': 'Вонжулов Никита', 'objectType': 'Жилой дом', 'reportDate': '01.01.24', 'documentation': '[{"name":"Первый","year":"	3		7	1
216	2024-12-08 17:32:05.275075+00	111	spoural - {'code': '01/01/ОБ-ТО', 'customer': 'Вонжулов Никита', 'reportDate': '01.01.24'}	3		7	1
217	2024-12-08 17:32:05.275099+00	110	spoural - {'code': '01/01/ОБ-ТО', 'customer': 'Вонжулов Никита', 'reportDate': '01.01.24'}	3		7	1
218	2024-12-08 18:33:46.479913+00	14	Sheet object (14)	2	[{"changed": {"fields": ["data"]}}]	8	1
219	2024-12-08 18:55:28.562062+00	120	spoural - {'code': '01/01/ОБ-ТО', 'address': 'Ул. Лечебная 16', 'customer': 'Вонжулов Никита', 'objectType': 'Жилой дом', 'reportDate': '01.01.24', 'checkupType': 'Техническое обследование', 'contract	3		7	1
220	2024-12-09 15:19:15.904117+00	167	spoural - {'code': '02/12/12ОБ-ТО', 'file': '', 'address': 'Ленина 51', 'customer': 'Вонжулов Никита', 'objectType': 'Жилой дом', 'reportDate': '01.01.24', 'documentation': '[{"name":"Первый","year":"	3		7	1
221	2024-12-09 15:19:15.90418+00	166	spoural - {'code': '02/12/12ОБ-ТО', 'file': '', 'address': 'Ленина 51', 'customer': 'Вонжулов Никита', 'objectType': 'Жилой дом', 'reportDate': '01.01.24', 'documentation': '[{"name":"Первый","year":"	3		7	1
222	2024-12-09 15:50:39.367961+00	18	Sheet object (18)	2	[{"changed": {"fields": ["data"]}}]	8	1
223	2024-12-10 11:41:49.510444+00	14	Sheet object (14)	2	[{"changed": {"fields": ["Section", "subsections"]}}]	8	1
224	2024-12-10 11:49:17.498913+00	16	Sheet object (16)	2	[{"changed": {"fields": ["Section", "subsections"]}}]	8	1
225	2024-12-10 11:51:12.41463+00	17	Sheet object (17)	2	[{"changed": {"fields": ["Section", "subsections"]}}]	8	1
226	2024-12-10 11:52:00.797195+00	18	Sheet object (18)	2	[{"changed": {"fields": ["Section", "subsections"]}}]	8	1
227	2024-12-10 11:52:59.753494+00	7	Sheet object (7)	2	[{"changed": {"fields": ["subsections"]}}]	8	1
228	2024-12-10 11:54:08.409127+00	8	Sheet object (8)	2	[{"changed": {"fields": ["subsections"]}}]	8	1
229	2024-12-10 11:54:45.167613+00	11	Sheet object (11)	2	[{"changed": {"fields": ["subsections"]}}]	8	1
230	2024-12-10 11:55:16.290737+00	12	Sheet object (12)	2	[{"changed": {"fields": ["subsections"]}}]	8	1
231	2024-12-10 11:55:58.499909+00	13	Sheet object (13)	2	[{"changed": {"fields": ["subsections"]}}]	8	1
232	2024-12-10 11:56:51.28967+00	15	Sheet object (15)	2	[{"changed": {"fields": ["subsections"]}}]	8	1
233	2024-12-10 12:34:48.15147+00	19	Sheet object (19)	1	[{"added": {}}]	8	1
234	2024-12-10 12:55:24.548877+00	19	Sheet object (19)	2	[{"changed": {"fields": ["Index"]}}]	8	1
235	2024-12-10 14:08:41.328694+00	19	Sheet object (19)	3		8	1
236	2024-12-10 17:36:21.129149+00	18	Sheet object (18)	2	[{"changed": {"fields": ["data"]}}]	8	1
237	2024-12-10 17:48:21.699459+00	18	Sheet object (18)	2	[{"changed": {"fields": ["data"]}}]	8	1
238	2024-12-10 17:54:36.745754+00	18	Sheet object (18)	2	[{"changed": {"fields": ["data"]}}]	8	1
239	2024-12-14 06:58:46.236682+00	4	Вид обследования	1	[{"added": {}}]	14	1
240	2024-12-14 06:58:53.742476+00	4	Вид обследования	2	[{"changed": {"fields": ["Step", "Position", "Required"]}}]	14	1
241	2024-12-14 07:02:16.263518+00	4	Вид обследования	2	[{"changed": {"fields": ["settings"]}}]	14	1
242	2024-12-14 07:05:04.958868+00	5	Разработчик	1	[{"added": {}}]	14	1
243	2024-12-14 09:14:44.148079+00	6	Дата проведения обследования	1	[{"added": {}}]	14	1
244	2024-12-14 09:15:19.439551+00	7	Дата заполнения отчета	1	[{"added": {}}]	14	1
245	2024-12-18 14:55:24.187074+00	4	Вид обследования	2	[{"changed": {"fields": ["Placeholder"]}}]	14	1
246	2024-12-18 14:55:30.944413+00	5	Разработчик	2	[{"changed": {"fields": ["Placeholder"]}}]	14	1
247	2024-12-18 19:50:53.436245+00	13	Sheet object (13)	2	[{"changed": {"fields": ["data"]}}]	8	1
248	2024-12-21 07:57:44.738874+00	6	Дата проведения обследования	2	[{"changed": {"fields": ["Mask", "settings"]}}]	14	1
249	2024-12-21 07:58:02.188479+00	7	Дата заполнения отчета	2	[{"changed": {"fields": ["Mask", "settings"]}}]	14	1
250	2024-12-21 21:02:23.824103+00	6	Дата проведения обследования	2	[{"changed": {"fields": ["Placeholder"]}}]	14	1
251	2024-12-21 21:02:33.085288+00	7	Дата заполнения отчета	2	[{"changed": {"fields": ["Placeholder"]}}]	14	1
252	2024-12-23 16:48:51.511541+00	7	Дата заполнения отчета	2	[{"changed": {"fields": ["Mask", "Placeholder"]}}]	14	1
253	2024-12-23 16:48:58.463216+00	7	Дата заполнения отчета	2	[{"changed": {"fields": ["Mask"]}}]	14	1
254	2024-12-23 16:49:01.813794+00	6	Дата проведения обследования	2	[{"changed": {"fields": ["Mask"]}}]	14	1
255	2024-12-23 21:28:30.982982+00	6	Дата проведения обследования	2	[{"changed": {"fields": ["settings"]}}]	14	1
256	2024-12-23 21:28:36.96741+00	7	Дата заполнения отчета	2	[{"changed": {"fields": ["settings"]}}]	14	1
257	2024-12-24 13:32:53.885841+00	8	test	1	[{"added": {}}]	14	1
258	2024-12-24 13:34:22.212627+00	8	test	3		14	1
259	2024-12-24 14:27:57.536211+00	9	test date	1	[{"added": {}}]	14	1
260	2024-12-24 14:29:02.436434+00	9	test date	3		14	1
261	2025-01-03 12:52:24.954165+00	7	Дата заполнения отчета	2	[{"changed": {"fields": ["Mask", "Placeholder"]}}]	14	1
262	2025-01-03 12:52:41.75518+00	7	Дата заполнения отчета	2	[{"changed": {"fields": ["Mask", "settings"]}}]	14	1
263	2025-01-03 12:52:47.939955+00	6	Дата проведения обследования	2	[{"changed": {"fields": ["settings"]}}]	14	1
264	2025-01-03 13:35:57.967597+00	7	Дата заполнения отчета	2	[{"changed": {"fields": ["Placeholder"]}}]	14	1
265	2025-01-03 13:36:02.53772+00	6	Дата проведения обследования	2	[{"changed": {"fields": ["Placeholder"]}}]	14	1
266	2025-01-06 11:05:38.138453+00	6	Дата проведения обследования	2	[{"changed": {"fields": ["Mask"]}}]	14	1
267	2025-01-06 11:05:43.076334+00	7	Дата заполнения отчета	2	[{"changed": {"fields": ["Mask"]}}]	14	1
268	2025-01-06 12:12:31.098467+00	6	Дата проведения обследования	2	[{"changed": {"fields": ["Placeholder", "settings"]}}]	14	1
269	2025-01-06 12:12:42.881387+00	7	Дата заполнения отчета	2	[{"changed": {"fields": ["Placeholder", "settings"]}}]	14	1
270	2025-01-08 12:58:51.007168+00	18	Sheet object (18)	2	[{"changed": {"fields": ["data"]}}]	8	1
271	2025-01-08 13:01:47.029078+00	11	Sheet object (11)	2	[{"changed": {"fields": ["data"]}}]	8	1
272	2025-01-08 13:02:01.576821+00	11	Sheet object (11)	2	[{"changed": {"fields": ["data"]}}]	8	1
273	2025-01-08 13:09:10.738377+00	11	Sheet object (11)	2	[{"changed": {"fields": ["data"]}}]	8	1
274	2025-01-09 16:44:14.485259+00	18	Sheet object (18)	2	[{"changed": {"fields": ["data"]}}]	8	1
275	2025-01-09 18:38:02.462776+00	11	Sheet object (11)	2	[{"changed": {"fields": ["data"]}}]	8	1
276	2025-01-14 10:52:03.55368+00	10	Шифр	1	[{"added": {}}]	14	1
277	2025-01-14 10:52:41.10913+00	7	Дата заполнения отчета	2	[{"changed": {"fields": ["Position"]}}]	14	1
278	2025-01-14 10:54:10.49664+00	6	Дата проведения обследования	2	[{"changed": {"fields": ["Step", "Position"]}}]	14	1
279	2025-01-14 10:55:47.981684+00	2	Тип объекта	2	[{"changed": {"fields": ["settings"]}}]	14	1
280	2025-01-16 13:18:46.983378+00	6	Дата проведения обследования	2	[{"changed": {"fields": ["Step", "Position"]}}]	14	1
281	2025-01-16 13:19:15.333372+00	11	Номер договора	1	[{"added": {}}]	14	1
282	2025-01-16 14:12:04.422164+00	12	Тип договора	1	[{"added": {}}]	14	1
283	2025-01-16 15:47:20.124318+00	339	spoural - {'code': 'какой-то', 'file': '', 'address': 'какой-то', 'customer': 'какой-то', 'developer': 'Иванов', 'objectType': 'Здание', 'reportDate': '01.25', 'checkupDate': '02.24', 'checkupType': '	3		7	1
284	2025-01-16 15:47:20.124381+00	338	spoural - {'code': 'какой-то', 'file': '', 'address': 'какой-то', 'customer': 'какой-то', 'developer': 'Иванов', 'objectType': 'Здание', 'reportDate': '01.25', 'checkupDate': '02.24', 'documentation':	3		7	1
285	2025-01-16 15:47:20.124413+00	337	spoural - {'code': 'какой-то', 'file': '', 'address': 'какой-то', 'customer': 'какой-то', 'developer': 'Иванов', 'objectType': 'Здание', 'reportDate': '01.01.24', 'checkupDate': '02.24', 'documentatio	3		7	1
286	2025-01-16 15:47:20.124443+00	336	spoural - {'code': 'какой-то', 'file': '', 'address': 'какой-то', 'customer': 'какой-то', 'objectType': 'Жилой дом', 'reportDate': '01.01.24', 'checkupDate': '02.24', 'documentation': '[{"name":"Первы	3		7	1
436	2025-01-22 14:35:24.231677+00	413	spoural - 413	3		7	1
287	2025-01-16 15:47:20.124469+00	335	spoural - {'code': 'какой-то', 'file': '', 'address': 'какой-то', 'customer': 'Вонжулов Никита', 'objectType': 'Жилой дом', 'reportDate': '01.01.24', 'checkupDate': '02.24', 'documentation': '[{"name"	3		7	1
288	2025-01-16 15:47:20.124495+00	334	spoural - {'code': 'какой-то', 'file': '', 'address': 'Ленина 51', 'customer': 'Вонжулов Никита', 'objectType': 'Жилой дом', 'reportDate': '01.01.24', 'checkupDate': '02.24', 'documentation': '[{"name	3		7	1
289	2025-01-16 15:47:20.12452+00	333	spoural - {'code': '02/12/12ОБ-ТО', 'file': '', 'address': 'Ленина 51', 'customer': 'Вонжулов Никита', 'objectType': 'Жилой дом', 'reportDate': '01.01.24', 'checkupDate': '02.24', 'documentation': '[{	3		7	1
290	2025-01-16 15:47:20.124545+00	332	spoural - {'code': '02/12/12ОБ-ТО', 'file': '', 'address': 'Ленина 51', 'customer': 'Вонжулов Никита', 'objectType': 'Жилой дом', 'reportDate': '01.01.24', 'checkupDate': '02.2024', 'documentation': '	3		7	1
291	2025-01-16 15:47:20.124569+00	331	spoural - {'code': '02/12/12ОБ-ТО', 'file': '', 'address': 'Ленина 51', 'customer': 'Вонжулов Никита', 'objectType': 'Жилой дом', 'reportDate': '01.01.24', 'checkupDate': '02.2024', 'documentation': '	3		7	1
292	2025-01-16 15:52:16.555407+00	12	Тип договора	3		14	1
293	2025-01-17 10:10:05.429409+00	11	Номер договора	2	[{"changed": {"fields": ["Step"]}}]	14	1
294	2025-01-17 10:11:25.335862+00	13	Тип договора	1	[{"added": {}}]	14	1
295	2025-01-18 12:15:41.678932+00	349	spoural - {'code': 'какой-то', 'address': 'какой-то', 'customer': 'какой-то', 'developer': 'Иванов', 'objectType': 'Здание', 'reportDate': '01.25', 'checkupDate': '02.24', 'checkupType': 'Визуальное о	3		7	1
296	2025-01-18 12:15:50.18339+00	343	spoural - {'code': '1234', 'address': 'Боба', 'customer': 'Вонжулов Никита', 'developer': 'Иванов', 'objectType': 'Здание', 'reportDate': '01.25', 'checkupDate': '01.25', 'checkupType': 'Визуальное об	3		7	1
297	2025-01-18 12:15:50.183449+00	342	spoural - {'code': '123', 'address': '123', 'customer': 'Ы', 'developer': 'Иванов', 'objectType': 'Здание', 'reportDate': '01.25', 'checkupDate': '01.25', 'checkupType': 'Визуальное обследование строи	3		7	1
298	2025-01-18 12:15:50.183481+00	358	spoural - {'code': 'какой-то', 'address': 'какой-то', 'customer': 'какой-то', 'developer': 'Иванов', 'objectType': 'Здание', 'reportDate': '01.25', 'checkupDate': '02.24', 'checkupType': 'Визуальное о	3		7	1
299	2025-01-18 12:15:50.183509+00	357	spoural - {'code': 'какой-то', 'address': 'какой-то', 'customer': 'какой-то', 'developer': 'Иванов', 'objectType': 'Здание', 'reportDate': '01.25', 'checkupDate': '02.24', 'checkupType': 'Визуальное о	3		7	1
300	2025-01-18 12:15:50.183535+00	356	spoural - {'code': 'какой-то', 'address': 'какой-то', 'customer': 'какой-то', 'developer': 'Иванов', 'objectType': 'Здание', 'reportDate': '01.25', 'checkupDate': '02.24', 'checkupType': 'Визуальное о	3		7	1
301	2025-01-18 12:15:50.183561+00	355	spoural - {'code': 'какой-то', 'address': 'какой-то', 'customer': 'какой-то', 'developer': 'Иванов', 'objectType': 'Здание', 'reportDate': '01.25', 'checkupDate': '02.24', 'checkupType': 'Визуальное о	3		7	1
302	2025-01-18 12:15:50.183587+00	354	spoural - {'code': 'какой-то', 'address': 'какой-то', 'customer': 'какой-то', 'developer': 'Иванов', 'objectType': 'Здание', 'reportDate': '01.25', 'checkupDate': '02.24', 'checkupType': 'Визуальное о	3		7	1
303	2025-01-18 12:15:50.183611+00	353	spoural - {'code': 'какой-то', 'address': 'какой-то', 'customer': 'какой-то', 'developer': 'Иванов', 'objectType': 'Здание', 'reportDate': '01.25', 'checkupDate': '02.24', 'checkupType': 'Визуальное о	3		7	1
304	2025-01-18 12:15:50.183636+00	352	spoural - {'code': 'какой-то', 'address': 'какой-то', 'customer': 'какой-то', 'developer': 'Иванов', 'objectType': 'Здание', 'reportDate': '01.25', 'checkupDate': '02.24', 'checkupType': 'Визуальное о	3		7	1
305	2025-01-18 12:15:50.18367+00	351	spoural - {'code': 'какой-то', 'address': 'какой-то', 'customer': 'какой-то', 'developer': 'Иванов', 'objectType': 'Здание', 'reportDate': '01.25', 'checkupDate': '02.24', 'checkupType': 'Визуальное о	3		7	1
306	2025-01-18 12:15:50.183699+00	350	spoural - {'code': 'какой-то', 'address': 'какой-то', 'customer': 'какой-то', 'developer': 'Иванов', 'objectType': 'Здание', 'reportDate': '01.25', 'checkupDate': '02.24', 'checkupType': 'Визуальное о	3		7	1
307	2025-01-18 12:15:50.183723+00	348	spoural - {'code': 'какой-то', 'address': 'какой-то', 'customer': 'какой-то', 'developer': 'Иванов', 'objectType': 'Здание', 'reportDate': '01.25', 'checkupDate': '02.24', 'checkupType': 'Визуальное о	3		7	1
308	2025-01-18 12:15:50.183749+00	347	spoural - {'code': 'какой-то', 'address': 'какой-то', 'customer': 'какой-то', 'developer': 'Иванов', 'objectType': 'Здание', 'reportDate': '01.25', 'checkupDate': '02.24', 'checkupType': 'Визуальное о	3		7	1
309	2025-01-18 12:15:50.183775+00	346	spoural - {'code': 'какой-то', 'address': 'какой-то', 'customer': 'какой-то', 'developer': 'Иванов', 'objectType': 'Здание', 'reportDate': '01.25', 'checkupDate': '02.24', 'checkupType': 'Визуальное о	3		7	1
310	2025-01-18 12:15:50.183798+00	345	spoural - {'code': 'какой-то', 'address': 'какой-то', 'customer': 'какой-то', 'developer': 'Иванов', 'objectType': 'Здание', 'reportDate': '01.25', 'checkupDate': '02.24', 'checkupType': 'Визуальное о	3		7	1
311	2025-01-18 12:27:46.873954+00	13	Тип договора	2	[{"changed": {"fields": ["Type", "Key", "Placeholder", "settings", "Required"]}}]	14	1
312	2025-01-18 12:49:15.799485+00	14	Состояние объекта	1	[{"added": {}}]	14	1
313	2025-01-18 13:02:24.665716+00	15	Тип проекта объекта	1	[{"added": {}}]	14	1
314	2025-01-18 13:04:14.516445+00	16	Проектная организация объекта	1	[{"added": {}}]	14	1
315	2025-01-18 13:04:41.003113+00	17	Строительная организация объекта	1	[{"added": {}}]	14	1
316	2025-01-18 13:10:46.969728+00	18	Год возведения объекта	1	[{"added": {}}]	14	1
317	2025-01-18 13:13:47.294254+00	19	Год и характер последнего ремонта объекта (реконструкции)	1	[{"added": {}}]	14	1
318	2025-01-18 13:13:59.715476+00	19	Год и характер последнего ремонта объекта (реконструкции)	2	[{"changed": {"fields": ["Key"]}}]	14	1
319	2025-01-18 13:14:50.164471+00	13	Sheet object (13)	2	[{"changed": {"fields": ["data"]}}]	8	1
320	2025-01-18 13:15:26.070278+00	20	Собственник объекта	1	[{"added": {}}]	14	1
321	2025-01-18 13:20:26.130758+00	20	Собственник объекта	2	[{"changed": {"fields": ["Key"]}}]	14	1
322	2025-01-18 13:23:05.894482+00	13	Sheet object (13)	2	[{"changed": {"fields": ["data"]}}]	8	1
323	2025-01-18 13:31:18.507043+00	21	Форма собственности объекта	1	[{"added": {}}]	14	1
324	2025-01-18 13:33:48.663068+00	22	Конструктивный тип объекта	1	[{"added": {}}]	14	1
325	2025-01-18 13:58:20.43739+00	23	Число этажей	1	[{"added": {}}]	14	1
326	2025-01-18 14:14:08.4968+00	24	Период основного тона колебаний	1	[{"added": {}}]	14	1
327	2025-01-18 14:14:48.509248+00	25	Крен объекта	1	[{"added": {}}]	14	1
328	2025-01-18 14:15:38.569415+00	13	Sheet object (13)	2	[{"changed": {"fields": ["data"]}}]	8	1
329	2025-01-18 14:22:08.5925+00	26	Техническое состояние объекта	1	[{"added": {}}]	14	1
330	2025-01-18 14:22:18.628236+00	26	Техническое состояние объекта	2	[{"changed": {"fields": ["Placeholder"]}}]	14	1
331	2025-01-18 15:51:37.976035+00	364	spoural - {'code': 'какой-то', 'address': 'какой-то', 'customer': 'какой-то', 'developer': 'Иванов', 'objectType': 'Здание', 'reportDate': '01.25', 'checkupDate': '02.24', 'checkupType': 'Визуальное о	3		7	1
332	2025-01-18 15:51:37.976104+00	363	spoural - {'code': 'какой-то', 'address': 'какой-то', 'customer': 'какой-то', 'developer': 'Иванов', 'objectType': 'Здание', 'reportDate': '01.25', 'checkupDate': '02.24', 'checkupType': 'Визуальное о	3		7	1
333	2025-01-18 15:51:37.97614+00	362	spoural - {'code': 'какой-то', 'address': 'какой-то', 'customer': 'какой-то', 'developer': 'Иванов', 'objectType': 'Здание', 'reportDate': '01.25', 'checkupDate': '02.24', 'checkupType': 'Визуальное о	3		7	1
334	2025-01-18 15:51:37.97617+00	361	spoural - {'code': 'какой-то', 'address': 'какой-то', 'customer': 'какой-то', 'developer': 'Иванов', 'objectType': 'Здание', 'reportDate': '01.25', 'checkupDate': '02.24', 'checkupType': 'Визуальное о	3		7	1
335	2025-01-18 15:53:02.158644+00	13	Sheet object (13)	2	[{"changed": {"fields": ["data"]}}]	8	1
336	2025-01-18 15:53:14.854745+00	13	Sheet object (13)	2	[{"changed": {"fields": ["data"]}}]	8	1
337	2025-01-18 17:16:30.96275+00	14	Состояние объекта	2	[{"changed": {"fields": ["Placeholder"]}}]	14	1
338	2025-01-18 17:16:49.269189+00	15	Тип проекта объекта	2	[{"changed": {"fields": ["Placeholder"]}}]	14	1
339	2025-01-18 17:16:57.015671+00	16	Проектная организация объекта	2	[{"changed": {"fields": ["Placeholder"]}}]	14	1
340	2025-01-18 17:17:02.521178+00	17	Строительная организация объекта	2	[{"changed": {"fields": ["Placeholder"]}}]	14	1
341	2025-01-18 17:17:16.153491+00	18	Год возведения объекта	2	[{"changed": {"fields": ["Placeholder"]}}]	14	1
342	2025-01-18 17:17:41.525885+00	19	Год и характер последнего ремонта объекта (реконструкции)	2	[{"changed": {"fields": ["Placeholder"]}}]	14	1
343	2025-01-18 17:17:50.189825+00	20	Собственник объекта	2	[{"changed": {"fields": ["Placeholder"]}}]	14	1
344	2025-01-18 17:17:57.492309+00	25	Крен объекта	2	[{"changed": {"fields": ["Placeholder"]}}]	14	1
345	2025-01-18 17:18:06.112743+00	24	Период основного тона колебаний	2	[{"changed": {"fields": ["Placeholder"]}}]	14	1
346	2025-01-18 17:29:11.515433+00	18	Год возведения объекта	2	[{"changed": {"fields": ["Mask"]}}]	14	1
347	2025-01-18 17:57:28.087653+00	6	Дата проведения обследования	2	[{"changed": {"fields": ["Mask"]}}]	14	1
348	2025-01-18 17:57:40.662485+00	6	Дата проведения обследования	2	[{"changed": {"fields": ["Step", "Position"]}}]	14	1
349	2025-01-18 18:38:43.225324+00	22	Конструктивный тип объекта	2	[]	14	1
350	2025-01-18 18:39:16.577276+00	13	Sheet object (13)	2	[{"changed": {"fields": ["data"]}}]	8	1
351	2025-01-18 18:40:04.643364+00	13	Тип договора	2	[{"changed": {"fields": ["Key"]}}]	14	1
352	2025-01-18 18:44:54.475261+00	20	Sheet object (20)	1	[{"added": {}}]	8	1
353	2025-01-18 18:49:03.787252+00	18	Год возведения объекта	2	[{"changed": {"fields": ["Mask"]}}]	14	1
354	2025-01-18 18:55:40.911437+00	20	Sheet object (20)	2	[{"changed": {"fields": ["data"]}}]	8	1
355	2025-01-18 18:56:14.857786+00	16	Sheet object (16)	2	[{"changed": {"fields": ["data"]}}]	8	1
356	2025-01-18 18:56:34.092032+00	17	Sheet object (17)	2	[{"changed": {"fields": ["data"]}}]	8	1
357	2025-01-18 19:08:54.117253+00	17	Sheet object (17)	2	[{"changed": {"fields": ["data"]}}]	8	1
358	2025-01-18 19:09:13.673427+00	13	Тип договора	2	[{"changed": {"fields": ["settings"]}}]	14	1
359	2025-01-18 19:10:37.296838+00	13	Тип договора	2	[{"changed": {"fields": ["settings"]}}]	14	1
360	2025-01-18 19:23:00.131135+00	27	Назначение объекта	1	[{"added": {}}]	14	1
361	2025-01-18 19:47:14.877269+00	27	Назначение объекта	2	[{"changed": {"fields": ["Step", "Position"]}}]	14	1
362	2025-01-18 19:48:16.790194+00	13	Тип договора	2	[]	14	1
363	2025-01-18 19:48:24.612797+00	13	Тип договора	2	[{"changed": {"fields": ["settings"]}}]	14	1
364	2025-01-18 20:26:20.364374+00	11	Sheet object (11)	2	[{"changed": {"fields": ["data"]}}]	8	1
365	2025-01-19 11:02:43.901513+00	14	Статус объекта	2	[{"changed": {"fields": ["Name", "settings"]}}]	14	1
366	2025-01-19 11:57:46.637544+00	28	Уровень ответственности	1	[{"added": {}}]	14	1
367	2025-01-19 11:59:42.830135+00	29	Группа капитальности	1	[{"added": {}}]	14	1
368	2025-01-19 12:00:48.811309+00	30	Климатический район	1	[{"added": {}}]	14	1
369	2025-01-19 12:02:16.159645+00	31	Зона влажности	1	[{"added": {}}]	14	1
370	2025-01-19 12:03:28.294371+00	32	Снеговой район	1	[{"added": {}}]	14	1
371	2025-01-19 12:04:35.528998+00	33	Ветровой район	1	[{"added": {}}]	14	1
372	2025-01-19 12:07:13.740058+00	30	Климатический район	2	[{"changed": {"fields": ["Placeholder"]}}]	14	1
373	2025-01-19 13:09:23.26896+00	23	Число этажей	2	[{"changed": {"fields": ["settings"]}}]	14	1
374	2025-01-19 13:13:17.251795+00	17	Sheet object (17)	2	[{"changed": {"fields": ["data"]}}]	8	1
375	2025-01-19 19:12:36.04428+00	11	Sheet object (11)	2	[{"changed": {"fields": ["data"]}}]	8	1
376	2025-01-19 19:22:55.815914+00	11	Sheet object (11)	2	[{"changed": {"fields": ["data"]}}]	8	1
377	2025-01-19 19:24:05.643575+00	14	Sheet object (14)	2	[]	8	1
378	2025-01-19 19:24:43.903926+00	29	Группа капитальности	2	[{"changed": {"fields": ["Key"]}}]	14	1
379	2025-01-19 19:27:44.092543+00	17	Sheet object (17)	2	[{"changed": {"fields": ["data"]}}]	8	1
380	2025-01-19 19:30:13.757605+00	14	Sheet object (14)	2	[{"changed": {"fields": ["data"]}}]	8	1
381	2025-01-19 20:26:43.169955+00	382	spoural - {'code': 'какой-то', 'address': 'какой-то', 'customer': 'какой-то', 'developer': 'Иванов', 'objectType': 'Здание', 'reportDate': '01.25', 'checkupDate': '02.24', 'checkupType': 'Визуальное о	3		7	1
382	2025-01-20 01:30:11.009796+00	34	Документация	1	[{"added": {}}]	14	1
383	2025-01-20 01:33:07.264537+00	34	Документация	2	[]	14	1
384	2025-01-20 02:36:08.36145+00	34	Документация	2	[]	14	1
385	2025-01-20 02:36:33.614063+00	13	Тип договора	2	[{"changed": {"fields": ["settings"]}}]	14	1
386	2025-01-20 02:37:25.615806+00	14	Sheet object (14)	2	[{"changed": {"fields": ["data"]}}]	8	1
387	2025-01-20 02:40:14.551463+00	2	test1	3		4	1
388	2025-01-20 02:49:12.397485+00	3	testuser	1	[{"added": {}}]	4	1
389	2025-01-20 02:49:32.650147+00	4	betauser	1	[{"added": {}}]	4	1
390	2025-01-20 02:49:52.737264+00	5	newuser	1	[{"added": {}}]	4	1
391	2025-01-21 14:34:59.137209+00	1	UserDataFile object (1)	3		15	1
392	2025-01-21 14:34:59.137209+00	2	UserDataFile object (2)	3		15	1
393	2025-01-21 14:34:59.137209+00	5	UserDataFile object (5)	3		15	1
394	2025-01-21 14:34:59.137209+00	4	UserDataFile object (4)	3		15	1
395	2025-01-21 14:34:59.137209+00	3	UserDataFile object (3)	3		15	1
396	2025-01-21 14:34:59.137759+00	6	UserDataFile object (6)	3		15	1
397	2025-01-21 14:34:59.137759+00	7	UserDataFile object (7)	3		15	1
398	2025-01-21 14:34:59.137759+00	8	UserDataFile object (8)	3		15	1
399	2025-01-21 14:34:59.137759+00	9	UserDataFile object (9)	3		15	1
400	2025-01-21 14:34:59.137759+00	10	UserDataFile object (10)	3		15	1
401	2025-01-21 14:50:42.992473+00	385	spoural - {'code': '123/312ОБ-ТО', 'address': 'бобин дом', 'customer': 'Абоба', 'developer': 'Нестеров', 'objectRoll': '', 'objectType': 'Здание', 'reportDate': '01.25', 'snowRegion': 'I', 'windRegion	3		7	1
402	2025-01-21 14:50:42.992541+00	396	spoural - {'code': 'какой-то', 'address': 'какой-то', 'customer': 'какой-то', 'developer': 'Иванов', 'objectType': 'Здание', 'reportDate': '01.25', 'checkupDate': '02.24', 'checkupType': 'Визуальное о	3		7	1
403	2025-01-21 14:50:42.992575+00	395	spoural - {'code': 'какой-то', 'address': 'какой-то', 'customer': 'какой-то', 'developer': 'Иванов', 'objectType': 'Здание', 'reportDate': '01.25', 'checkupDate': '02.24', 'checkupType': 'Визуальное о	3		7	1
404	2025-01-21 14:50:42.992603+00	394	spoural - {'code': 'какой-то', 'address': 'какой-то', 'customer': 'какой-то', 'developer': 'Иванов', 'objectType': 'Здание', 'reportDate': '01.25', 'checkupDate': '02.24', 'checkupType': 'Визуальное о	3		7	1
405	2025-01-21 14:50:42.992631+00	393	spoural - {'code': 'какой-то', 'address': 'какой-то', 'customer': 'какой-то', 'developer': 'Иванов', 'objectType': 'Здание', 'reportDate': '01.25', 'checkupDate': '02.24', 'checkupType': 'Визуальное о	3		7	1
406	2025-01-21 14:50:42.992657+00	392	spoural - {'code': 'какой-то', 'address': 'какой-то', 'customer': 'какой-то', 'developer': 'Иванов', 'objectType': 'Здание', 'reportDate': '01.25', 'checkupDate': '02.24', 'checkupType': 'Визуальное о	3		7	1
407	2025-01-21 14:50:42.992683+00	391	spoural - {'code': 'какой-то', 'address': 'какой-то', 'customer': 'какой-то', 'developer': 'Иванов', 'objectType': 'Здание', 'reportDate': '01.25', 'checkupDate': '02.24', 'checkupType': 'Визуальное о	3		7	1
408	2025-01-21 14:50:42.992709+00	390	spoural - {'code': 'какой-то', 'address': 'какой-то', 'customer': 'какой-то', 'developer': 'Иванов', 'objectType': 'Здание', 'reportDate': '01.25', 'checkupDate': '02.24', 'checkupType': 'Визуальное о	3		7	1
409	2025-01-21 14:50:42.992735+00	389	spoural - {'code': 'какой-то', 'address': 'какой-то', 'customer': 'какой-то', 'developer': 'Иванов', 'objectType': 'Здание', 'reportDate': '01.25', 'checkupDate': '02.24', 'checkupType': 'Визуальное о	3		7	1
410	2025-01-21 14:50:42.992761+00	388	spoural - {'code': 'какой-то', 'address': 'какой-то', 'customer': 'какой-то', 'developer': 'Иванов', 'objectType': 'Здание', 'reportDate': '01.25', 'checkupDate': '02.24', 'checkupType': 'Визуальное о	3		7	1
411	2025-01-21 14:50:42.992786+00	387	spoural - {'code': 'какой-то', 'address': 'какой-то', 'customer': 'какой-то', 'developer': 'Иванов', 'objectType': 'Здание', 'reportDate': '01.25', 'checkupDate': '02.24', 'checkupType': 'Визуальное о	3		7	1
412	2025-01-21 14:50:42.99281+00	386	spoural - {'code': 'какой-то', 'address': 'какой-то', 'customer': 'какой-то', 'developer': 'Иванов', 'objectType': 'Здание', 'reportDate': '01.25', 'checkupDate': '02.24', 'checkupType': 'Визуальное о	3		7	1
413	2025-01-21 16:36:20.778783+00	399	spoural - 399	3		7	1
414	2025-01-21 16:36:20.778844+00	385	spoural - 385	3		7	1
415	2025-01-21 16:36:20.778873+00	396	spoural - 396	3		7	1
416	2025-01-21 16:36:20.778896+00	395	spoural - 395	3		7	1
417	2025-01-21 16:36:20.778919+00	394	spoural - 394	3		7	1
418	2025-01-21 16:36:20.77894+00	393	spoural - 393	3		7	1
419	2025-01-21 16:36:20.778961+00	392	spoural - 392	3		7	1
420	2025-01-21 16:36:20.778981+00	391	spoural - 391	3		7	1
421	2025-01-21 16:36:20.779001+00	390	spoural - 390	3		7	1
422	2025-01-21 16:36:20.779021+00	389	spoural - 389	3		7	1
423	2025-01-21 16:36:20.77904+00	388	spoural - 388	3		7	1
424	2025-01-21 16:36:20.779059+00	387	spoural - 387	3		7	1
425	2025-01-21 16:36:20.779079+00	386	spoural - 386	3		7	1
426	2025-01-21 16:54:51.773146+00	400	spoural - 400	2	[{"changed": {"fields": ["data"]}}, {"changed": {"name": "\\u0418\\u0437\\u043e\\u0431\\u0440\\u0430\\u0436\\u0435\\u043d\\u0438\\u0435 \\u043f\\u043e\\u043b\\u044c\\u0437\\u043e\\u0432\\u0430\\u0442\\u0435\\u043b\\u044f", "object": "UserDataFile object (16)", "fields": ["Key"]}}]	7	1
427	2025-01-21 16:55:54.325446+00	400	spoural - 400	2	[{"deleted": {"name": "\\u0418\\u0437\\u043e\\u0431\\u0440\\u0430\\u0436\\u0435\\u043d\\u0438\\u0435 \\u043f\\u043e\\u043b\\u044c\\u0437\\u043e\\u0432\\u0430\\u0442\\u0435\\u043b\\u044f", "object": "UserDataFile object (None)"}}]	7	1
428	2025-01-21 16:56:36.731053+00	400	spoural - 400	3		7	1
429	2025-01-22 14:22:48.240627+00	408	spoural - 408	3		7	1
430	2025-01-22 14:22:48.240627+00	407	spoural - 407	3		7	1
431	2025-01-22 14:22:48.240627+00	406	spoural - 406	3		7	1
432	2025-01-22 14:22:48.240627+00	404	spoural - 404	3		7	1
433	2025-01-22 14:22:48.240627+00	405	spoural - 405	3		7	1
434	2025-01-22 14:25:45.360501+00	410	spoural - 410	3		7	1
435	2025-01-22 14:25:45.36102+00	409	spoural - 409	3		7	1
437	2025-01-22 14:35:24.231677+00	412	spoural - 412	3		7	1
438	2025-01-22 14:35:24.231677+00	411	spoural - 411	3		7	1
439	2025-01-27 13:03:29.381153+00	21	Sheet object (21)	1	[{"added": {}}]	8	1
440	2025-01-27 13:41:59.534998+00	21	Sheet object (21)	2	[{"changed": {"fields": ["data"]}}]	8	1
441	2025-01-27 14:10:45.583469+00	21	Sheet object (21)	2	[{"changed": {"fields": ["data"]}}]	8	1
442	2025-01-27 14:29:08.123444+00	21	Sheet object (21)	2	[{"changed": {"fields": ["data"]}}]	8	1
443	2025-01-27 14:53:49.112969+00	21	Sheet object (21)	2	[{"changed": {"fields": ["data"]}}]	8	1
444	2025-01-27 15:56:41.040085+00	11	Sheet object (11)	2	[{"changed": {"fields": ["data"]}}]	8	1
445	2025-01-27 15:56:49.876145+00	18	Sheet object (18)	2	[{"changed": {"fields": ["data"]}}]	8	1
446	2025-01-27 15:56:55.768438+00	21	Sheet object (21)	2	[{"changed": {"fields": ["data"]}}]	8	1
447	2025-01-27 16:10:49.42178+00	21	Sheet object (21)	2	[{"changed": {"fields": ["data"]}}]	8	1
448	2025-01-28 08:39:48.636231+00	21	Sheet object (21)	2	[{"changed": {"fields": ["data"]}}]	8	1
449	2025-01-28 10:07:31.413112+00	21	Sheet object (21)	2	[{"changed": {"fields": ["data"]}}]	8	1
450	2025-01-29 12:18:11.052316+00	21	Sheet object (21)	2	[{"changed": {"fields": ["data"]}}]	8	1
451	2025-01-29 12:23:49.894134+00	21	Sheet object (21)	2	[{"changed": {"fields": ["data"]}}]	8	1
452	2025-01-29 12:25:53.608104+00	557	spoural - 557	3		7	1
453	2025-01-29 12:25:53.608164+00	555	spoural - 555	3		7	1
454	2025-01-29 12:25:53.608195+00	554	spoural - 554	3		7	1
455	2025-01-29 12:25:53.60822+00	553	spoural - 553	3		7	1
456	2025-01-29 12:25:53.608244+00	552	spoural - 552	3		7	1
457	2025-01-29 12:25:53.608267+00	551	spoural - 551	3		7	1
458	2025-01-29 12:25:53.60829+00	550	spoural - 550	3		7	1
459	2025-01-29 12:25:53.608312+00	549	spoural - 549	3		7	1
460	2025-01-29 12:25:53.608334+00	548	spoural - 548	3		7	1
461	2025-01-29 12:25:53.608357+00	547	spoural - 547	3		7	1
462	2025-01-29 12:25:53.608379+00	546	spoural - 546	3		7	1
463	2025-01-29 12:25:53.608401+00	545	spoural - 545	3		7	1
464	2025-01-29 12:25:53.608422+00	544	spoural - 544	3		7	1
465	2025-01-29 12:25:53.608444+00	543	spoural - 543	3		7	1
466	2025-01-29 12:25:53.608466+00	542	spoural - 542	3		7	1
467	2025-01-29 12:25:53.608487+00	541	spoural - 541	3		7	1
468	2025-01-29 12:25:53.608509+00	540	spoural - 540	3		7	1
469	2025-01-29 12:25:53.608531+00	539	spoural - 539	3		7	1
470	2025-01-29 12:25:53.608553+00	538	spoural - 538	3		7	1
471	2025-01-29 12:25:53.608575+00	537	spoural - 537	3		7	1
472	2025-01-29 12:25:53.608597+00	536	spoural - 536	3		7	1
473	2025-01-29 12:25:53.608619+00	535	spoural - 535	3		7	1
474	2025-01-29 12:25:53.608641+00	534	spoural - 534	3		7	1
475	2025-01-29 12:25:53.608663+00	533	spoural - 533	3		7	1
476	2025-01-29 12:25:53.608684+00	532	spoural - 532	3		7	1
477	2025-01-29 12:25:53.608706+00	531	spoural - 531	3		7	1
478	2025-01-29 12:25:53.608728+00	530	spoural - 530	3		7	1
479	2025-01-29 12:25:53.60875+00	529	spoural - 529	3		7	1
480	2025-01-29 12:25:53.608771+00	528	spoural - 528	3		7	1
481	2025-01-29 12:25:53.608793+00	527	spoural - 527	3		7	1
482	2025-01-29 12:25:53.608814+00	526	spoural - 526	3		7	1
483	2025-01-29 12:25:53.608836+00	525	spoural - 525	3		7	1
484	2025-01-29 12:25:53.608858+00	524	spoural - 524	3		7	1
485	2025-01-29 12:25:53.60888+00	523	spoural - 523	3		7	1
486	2025-01-29 12:25:53.608901+00	522	spoural - 522	3		7	1
487	2025-01-29 12:25:53.608923+00	521	spoural - 521	3		7	1
488	2025-01-29 12:25:53.608944+00	520	spoural - 520	3		7	1
489	2025-01-29 12:25:53.608965+00	519	spoural - 519	3		7	1
490	2025-01-29 12:25:53.608987+00	518	spoural - 518	3		7	1
491	2025-01-29 12:25:53.609008+00	517	spoural - 517	3		7	1
492	2025-01-29 12:25:53.609052+00	516	spoural - 516	3		7	1
493	2025-01-29 12:25:53.609079+00	515	spoural - 515	3		7	1
494	2025-01-29 12:25:53.609102+00	514	spoural - 514	3		7	1
495	2025-01-29 12:25:53.609123+00	513	spoural - 513	3		7	1
496	2025-01-29 12:25:53.609145+00	512	spoural - 512	3		7	1
497	2025-01-29 12:25:53.609167+00	511	spoural - 511	3		7	1
498	2025-01-29 12:25:53.609189+00	510	spoural - 510	3		7	1
499	2025-01-29 12:25:53.609211+00	509	spoural - 509	3		7	1
500	2025-01-29 12:25:53.609232+00	508	spoural - 508	3		7	1
501	2025-01-29 12:25:53.609253+00	507	spoural - 507	3		7	1
502	2025-01-29 12:25:53.609274+00	506	spoural - 506	3		7	1
503	2025-01-29 12:25:53.609296+00	505	spoural - 505	3		7	1
504	2025-01-29 12:25:53.609318+00	504	spoural - 504	3		7	1
505	2025-01-29 12:25:53.60934+00	503	spoural - 503	3		7	1
506	2025-01-29 12:25:53.609362+00	502	spoural - 502	3		7	1
507	2025-01-29 12:25:53.609384+00	501	spoural - 501	3		7	1
508	2025-01-29 12:25:53.609406+00	500	spoural - 500	3		7	1
509	2025-01-29 12:25:53.609427+00	499	spoural - 499	3		7	1
510	2025-01-29 12:25:53.60945+00	498	spoural - 498	3		7	1
511	2025-01-29 12:25:53.609471+00	497	spoural - 497	3		7	1
512	2025-01-29 12:25:53.609492+00	496	spoural - 496	3		7	1
513	2025-01-29 12:25:53.609513+00	495	spoural - 495	3		7	1
514	2025-01-29 12:25:53.609534+00	494	spoural - 494	3		7	1
515	2025-01-29 12:25:53.609556+00	493	spoural - 493	3		7	1
516	2025-01-29 12:25:53.609577+00	492	spoural - 492	3		7	1
517	2025-01-29 12:25:53.6096+00	491	spoural - 491	3		7	1
518	2025-01-29 12:25:53.609621+00	490	spoural - 490	3		7	1
519	2025-01-29 12:25:53.609642+00	489	spoural - 489	3		7	1
520	2025-01-29 12:25:53.609663+00	488	spoural - 488	3		7	1
521	2025-01-29 12:25:53.609684+00	487	spoural - 487	3		7	1
522	2025-01-29 12:25:53.609705+00	486	spoural - 486	3		7	1
523	2025-01-29 12:25:53.609726+00	485	spoural - 485	3		7	1
524	2025-01-29 12:25:53.609748+00	484	spoural - 484	3		7	1
525	2025-01-29 12:25:53.609769+00	483	spoural - 483	3		7	1
526	2025-01-29 12:25:53.60979+00	482	spoural - 482	3		7	1
527	2025-01-29 12:25:53.609811+00	481	spoural - 481	3		7	1
528	2025-01-29 12:25:53.609832+00	480	spoural - 480	3		7	1
529	2025-01-29 12:25:53.609856+00	479	spoural - 479	3		7	1
530	2025-01-29 12:25:53.609877+00	478	spoural - 478	3		7	1
531	2025-01-29 12:25:53.609899+00	477	spoural - 477	3		7	1
532	2025-01-29 12:25:53.609921+00	476	spoural - 476	3		7	1
533	2025-01-29 12:25:53.609942+00	475	spoural - 475	3		7	1
534	2025-01-29 12:25:53.609964+00	474	spoural - 474	3		7	1
535	2025-01-29 12:25:53.609985+00	473	spoural - 473	3		7	1
536	2025-01-29 12:25:53.610006+00	472	spoural - 472	3		7	1
537	2025-01-29 12:25:53.610027+00	471	spoural - 471	3		7	1
538	2025-01-29 12:25:53.610047+00	470	spoural - 470	3		7	1
539	2025-01-29 12:25:53.610068+00	469	spoural - 469	3		7	1
540	2025-01-29 12:25:53.610089+00	468	spoural - 468	3		7	1
541	2025-01-29 12:25:53.610111+00	467	spoural - 467	3		7	1
542	2025-01-29 12:25:53.610131+00	466	spoural - 466	3		7	1
543	2025-01-29 12:25:53.610152+00	465	spoural - 465	3		7	1
544	2025-01-29 12:25:53.610173+00	464	spoural - 464	3		7	1
545	2025-01-29 12:25:53.610195+00	463	spoural - 463	3		7	1
546	2025-01-29 12:25:53.610216+00	462	spoural - 462	3		7	1
547	2025-01-29 12:25:53.610237+00	461	spoural - 461	3		7	1
548	2025-01-29 12:25:53.610258+00	460	spoural - 460	3		7	1
549	2025-01-29 12:25:53.610278+00	459	spoural - 459	3		7	1
550	2025-01-29 12:25:53.610299+00	458	spoural - 458	3		7	1
551	2025-01-29 12:25:53.610319+00	457	spoural - 457	3		7	1
552	2025-01-29 12:25:59.456857+00	456	spoural - 456	3		7	1
553	2025-01-29 12:25:59.456916+00	455	spoural - 455	3		7	1
554	2025-01-29 12:25:59.456944+00	454	spoural - 454	3		7	1
555	2025-01-29 12:25:59.456967+00	453	spoural - 453	3		7	1
556	2025-01-29 12:25:59.456989+00	452	spoural - 452	3		7	1
557	2025-01-29 12:25:59.457011+00	451	spoural - 451	3		7	1
558	2025-01-29 12:25:59.457046+00	450	spoural - 450	3		7	1
559	2025-01-29 12:25:59.457069+00	449	spoural - 449	3		7	1
560	2025-01-29 12:25:59.45709+00	448	spoural - 448	3		7	1
561	2025-01-29 12:25:59.457111+00	447	spoural - 447	3		7	1
562	2025-01-29 12:25:59.457133+00	446	spoural - 446	3		7	1
563	2025-01-29 12:25:59.457154+00	445	spoural - 445	3		7	1
564	2025-01-29 12:25:59.457176+00	444	spoural - 444	3		7	1
565	2025-01-29 12:25:59.457198+00	443	spoural - 443	3		7	1
566	2025-01-29 12:25:59.457219+00	442	spoural - 442	3		7	1
567	2025-01-29 12:25:59.45724+00	441	spoural - 441	3		7	1
568	2025-01-29 12:25:59.457262+00	440	spoural - 440	3		7	1
569	2025-01-29 12:25:59.457282+00	439	spoural - 439	3		7	1
570	2025-01-29 12:25:59.457305+00	438	spoural - 438	3		7	1
571	2025-01-29 12:25:59.457326+00	437	spoural - 437	3		7	1
572	2025-01-29 12:25:59.457347+00	436	spoural - 436	3		7	1
573	2025-01-29 12:25:59.457369+00	435	spoural - 435	3		7	1
574	2025-01-29 12:25:59.45739+00	434	spoural - 434	3		7	1
575	2025-01-29 12:25:59.457411+00	433	spoural - 433	3		7	1
576	2025-01-29 12:25:59.457432+00	432	spoural - 432	3		7	1
577	2025-01-29 12:25:59.457453+00	431	spoural - 431	3		7	1
578	2025-01-29 12:25:59.457474+00	430	spoural - 430	3		7	1
579	2025-01-29 12:25:59.457496+00	429	spoural - 429	3		7	1
580	2025-01-29 12:25:59.457517+00	428	spoural - 428	3		7	1
581	2025-01-29 12:25:59.457538+00	427	spoural - 427	3		7	1
582	2025-01-29 12:25:59.457558+00	426	spoural - 426	3		7	1
583	2025-01-29 12:25:59.457579+00	425	spoural - 425	3		7	1
584	2025-01-29 12:25:59.457599+00	424	spoural - 424	3		7	1
585	2025-01-29 12:25:59.45762+00	423	spoural - 423	3		7	1
586	2025-01-29 12:25:59.457641+00	422	spoural - 422	3		7	1
587	2025-01-29 12:25:59.457662+00	421	spoural - 421	3		7	1
588	2025-01-29 12:25:59.457682+00	420	spoural - 420	3		7	1
589	2025-01-29 12:25:59.457703+00	419	spoural - 419	3		7	1
590	2025-01-29 12:25:59.457723+00	418	spoural - 418	3		7	1
591	2025-01-29 12:25:59.457743+00	417	spoural - 417	3		7	1
592	2025-01-29 12:25:59.457764+00	416	spoural - 416	3		7	1
593	2025-01-29 12:25:59.457784+00	415	spoural - 415	3		7	1
594	2025-01-29 12:27:23.682218+00	558	spoural - 558	3		7	1
595	2025-01-29 12:34:32.428406+00	12	Sheet object (12)	2	[{"changed": {"fields": ["ContentSection"]}}]	8	1
596	2025-01-29 12:51:13.335701+00	559	spoural - 559	3		7	1
597	2025-01-29 12:51:13.335758+00	560	spoural - 560	3		7	1
598	2025-01-29 13:16:26.838447+00	564	spoural - 564	3		7	1
599	2025-01-29 13:16:26.838514+00	563	spoural - 563	3		7	1
600	2025-01-29 13:16:26.838544+00	562	spoural - 562	3		7	1
601	2025-01-29 13:16:26.838568+00	561	spoural - 561	3		7	1
602	2025-01-30 15:34:32.263022+00	30	Климатический район	2	[{"changed": {"fields": ["Placeholder"]}}]	14	1
603	2025-01-30 17:21:10.543716+00	45	 бетонные и железобетонные	3		13	1
604	2025-01-30 17:28:05.834272+00	10	Свайные столбчатые каменные	3		11	1
605	2025-01-30 17:29:11.395467+00	46	 бетонные и железобетонные	3		13	1
606	2025-01-30 17:43:27.648285+00	11	Cвайные столбчатые каменные, бетонные и железобетонные	2	[{"changed": {"fields": ["Name"]}}]	11	1
610	2025-01-30 18:14:07.469526+00	19	Массовые повреждения и разрушение блоков	2	[{"changed": {"fields": ["Recommendations"]}}]	13	1
611	2025-01-30 18:14:49.517064+00	18	Усиление, замена отдельных участков кладки	2	[{"changed": {"fields": ["Name"]}}]	12	1
612	2025-01-30 18:39:15.099853+00	22	Конструктивный тип объекта	2	[{"changed": {"fields": ["Construction type"]}}]	14	1
613	2025-01-30 18:58:52.634067+00	22	Конструктивный тип объекта	2	[{"changed": {"fields": ["Construction type"]}}]	14	1
614	2025-01-30 20:56:53.356226+00	35	Фундамент	1	[{"added": {}}]	14	1
615	2025-02-01 15:13:07.99583+00	35	Фундамент	3		14	1
616	2025-02-02 12:29:34.843764+00	36	Фундамент	1	[{"added": {}}]	14	1
617	2025-02-02 12:30:03.199177+00	36	Дефекты и рекомендации. Фундамент	2	[{"changed": {"fields": ["Name"]}}]	14	1
618	2025-02-02 12:32:32.379346+00	34	Документация	2	[]	14	1
619	2025-02-02 12:33:10.987764+00	37	Физический износ. Фундамент	1	[{"added": {}}]	14	1
620	2025-02-02 12:37:43.40522+00	36	Дефекты и рекомендации. Фундамент	2	[]	14	1
621	2025-02-02 12:57:10.751484+00	38	Техническое состояние. Фундаменты	1	[{"added": {}}]	14	1
622	2025-02-02 16:56:42.888875+00	17	Sheet object (17)	2	[{"changed": {"fields": ["data"]}}]	8	1
623	2025-02-02 17:27:10.147171+00	17	Sheet object (17)	2	[{"changed": {"fields": ["data"]}}]	8	1
624	2025-02-02 17:30:04.282328+00	17	Sheet object (17)	2	[{"changed": {"fields": ["data"]}}]	8	1
625	2025-02-02 18:04:48.081868+00	17	Sheet object (17)	2	[{"changed": {"fields": ["data"]}}]	8	1
626	2025-02-02 18:17:00.445558+00	21	Sheet object (21)	2	[{"changed": {"fields": ["data"]}}]	8	1
627	2025-02-02 18:19:01.829871+00	2	Тип объекта	2	[{"changed": {"fields": ["settings"]}}]	14	1
628	2025-02-03 09:28:40.598343+00	4	Вид обследования	2	[{"changed": {"fields": ["settings"]}}]	14	1
629	2025-02-03 09:29:07.860623+00	5	Разработчик	2	[{"changed": {"fields": ["settings"]}}]	14	1
630	2025-02-03 09:29:24.16019+00	21	Форма собственности объекта	2	[{"changed": {"fields": ["settings"]}}]	14	1
631	2025-02-03 09:29:44.544973+00	22	Конструктивный тип объекта	2	[{"changed": {"fields": ["settings"]}}]	14	1
632	2025-02-03 09:30:04.596423+00	23	Число этажей	2	[{"changed": {"fields": ["settings"]}}]	14	1
633	2025-02-03 09:30:27.97622+00	26	Техническое состояние объекта	2	[{"changed": {"fields": ["settings"]}}]	14	1
634	2025-02-03 09:30:55.050402+00	13	Тип договора	2	[{"changed": {"fields": ["settings"]}}]	14	1
635	2025-02-03 09:32:17.756396+00	27	Назначение объекта	2	[{"changed": {"fields": ["settings"]}}]	14	1
636	2025-02-03 09:32:42.958998+00	28	Уровень ответственности	2	[{"changed": {"fields": ["settings"]}}]	14	1
637	2025-02-03 09:33:22.796137+00	29	Группа капитальности	2	[{"changed": {"fields": ["settings"]}}]	14	1
638	2025-02-03 09:33:51.19165+00	31	Зона влажности	2	[{"changed": {"fields": ["settings"]}}]	14	1
639	2025-02-03 09:34:33.183825+00	32	Снеговой район	2	[{"changed": {"fields": ["settings"]}}]	14	1
640	2025-02-03 09:35:23.308107+00	33	Ветровой район	2	[{"changed": {"fields": ["settings"]}}]	14	1
641	2025-02-03 09:35:50.313151+00	38	Техническое состояние. Фундаменты	2	[{"changed": {"fields": ["settings"]}}]	14	1
642	2025-02-03 09:38:53.527478+00	14	Статус объекта	2	[{"changed": {"fields": ["settings"]}}]	14	1
643	2025-02-03 09:39:08.152173+00	15	Тип проекта объекта	2	[{"changed": {"fields": ["settings"]}}]	14	1
644	2025-02-03 09:40:02.207489+00	601	spoural - 601	3		7	1
645	2025-02-03 09:40:02.207586+00	600	spoural - 600	3		7	1
646	2025-02-03 09:40:02.207637+00	631	spoural - 631	3		7	1
647	2025-02-03 09:40:02.207684+00	630	spoural - 630	3		7	1
648	2025-02-03 09:40:02.207728+00	629	spoural - 629	3		7	1
649	2025-02-03 09:40:02.207771+00	628	spoural - 628	3		7	1
650	2025-02-03 09:40:02.207814+00	627	spoural - 627	3		7	1
651	2025-02-03 09:40:02.207855+00	626	spoural - 626	3		7	1
652	2025-02-03 09:40:02.207896+00	625	spoural - 625	3		7	1
653	2025-02-03 09:40:02.207936+00	624	spoural - 624	3		7	1
654	2025-02-03 09:40:02.20798+00	623	spoural - 623	3		7	1
655	2025-02-03 09:40:02.20802+00	622	spoural - 622	3		7	1
656	2025-02-03 09:40:02.208076+00	621	spoural - 621	3		7	1
657	2025-02-03 09:40:02.20812+00	620	spoural - 620	3		7	1
658	2025-02-03 09:40:02.20816+00	619	spoural - 619	3		7	1
659	2025-02-03 09:40:02.208201+00	618	spoural - 618	3		7	1
660	2025-02-03 09:40:02.208241+00	617	spoural - 617	3		7	1
661	2025-02-03 09:40:02.20829+00	616	spoural - 616	3		7	1
662	2025-02-03 09:40:02.208329+00	615	spoural - 615	3		7	1
663	2025-02-03 09:40:02.208366+00	614	spoural - 614	3		7	1
664	2025-02-03 09:40:02.208403+00	613	spoural - 613	3		7	1
665	2025-02-03 09:40:02.20844+00	612	spoural - 612	3		7	1
666	2025-02-03 09:40:02.208475+00	611	spoural - 611	3		7	1
667	2025-02-03 09:40:02.208511+00	610	spoural - 610	3		7	1
668	2025-02-03 09:40:02.208548+00	609	spoural - 609	3		7	1
669	2025-02-03 09:40:02.208586+00	608	spoural - 608	3		7	1
670	2025-02-03 09:40:02.208623+00	607	spoural - 607	3		7	1
671	2025-02-03 09:40:02.20866+00	606	spoural - 606	3		7	1
672	2025-02-03 09:40:02.208697+00	605	spoural - 605	3		7	1
673	2025-02-03 09:40:02.208732+00	604	spoural - 604	3		7	1
674	2025-02-03 09:40:02.208784+00	603	spoural - 603	3		7	1
675	2025-02-03 09:40:02.208821+00	602	spoural - 602	3		7	1
676	2025-02-04 10:02:56.938024+00	36	Дефекты и рекомендации. Фундамент	2	[{"changed": {"fields": ["Required"]}}]	14	1
677	2025-02-04 10:03:09.298674+00	36	Дефекты и рекомендации. Фундамент	2	[{"changed": {"fields": ["Placeholder"]}}]	14	1
678	2025-02-04 11:10:00.044121+00	38	Техническое состояние. Фундаменты	2	[{"changed": {"fields": ["Key"]}}]	14	1
679	2025-02-05 10:35:52.802653+00	21	Sheet object (21)	2	[{"changed": {"fields": ["data"]}}]	8	1
680	2025-02-06 17:09:34.804096+00	22	Sheet object (22)	1	[{"added": {}}]	8	1
681	2025-02-06 17:54:35.948267+00	22	Sheet object (22)	2	[{"changed": {"fields": ["data"]}}]	8	1
682	2025-02-06 18:20:01.228167+00	22	Sheet object (22)	2	[{"changed": {"fields": ["Files"]}}]	8	1
683	2025-02-06 18:27:37.608473+00	22	Sheet object (22)	2	[{"changed": {"fields": ["Files"]}}]	8	1
684	2025-02-06 18:29:26.41913+00	22	Sheet object (22)	2	[{"changed": {"fields": ["Files"]}}]	8	1
685	2025-02-06 18:31:18.837759+00	22	Sheet object (22)	2	[{"changed": {"fields": ["Files"]}}]	8	1
686	2025-02-06 18:33:34.146189+00	22	Sheet object (22)	2	[{"changed": {"fields": ["Files"]}}]	8	1
687	2025-02-06 18:43:44.226263+00	22	Sheet object (22)	2	[]	8	1
688	2025-02-06 18:46:37.558888+00	22	Sheet object (22)	2	[{"changed": {"fields": ["Index"]}}]	8	1
689	2025-02-06 18:51:28.212996+00	22	Sheet object (22)	2	[{"changed": {"fields": ["Index"]}}]	8	1
690	2025-02-06 19:49:04.621794+00	22	Приложение А. Выписки из реестра членов саморегулируемой организации, 15	2	[{"changed": {"fields": ["Index"]}}]	8	1
691	2025-02-06 19:51:01.631589+00	23	Заключительная часть, 12	1	[{"added": {}}]	8	1
692	2025-02-06 19:51:55.811197+00	24	Выводы и рекомендации, 13	1	[{"added": {}}]	8	1
693	2025-02-06 19:52:50.390535+00	25	Перечень нормативной и технической документации, 14	1	[{"added": {}}]	8	1
694	2025-02-06 19:57:22.642659+00	23	Заключительная часть, 12	2	[{"changed": {"fields": ["Index"]}}]	8	1
695	2025-02-06 19:57:45.9356+00	24	Выводы и рекомендации, 13	2	[{"changed": {"fields": ["Index"]}}]	8	1
696	2025-02-06 19:58:24.076834+00	25	Перечень нормативной и технической документации, 14	2	[{"changed": {"fields": ["Index"]}}]	8	1
697	2025-02-07 15:30:55.454124+00	22	Приложение А. Выписки из реестра членов саморегулируемой организации, 15	2	[{"changed": {"fields": ["data"]}}]	8	1
698	2025-02-08 08:22:12.434907+00	36	Фундамент. Материал	2	[{"changed": {"fields": ["Name"]}}]	14	1
699	2025-02-08 08:22:23.940454+00	36	Фундаменты. Материал	2	[{"changed": {"fields": ["Name"]}}]	14	1
700	2025-02-08 08:22:35.137442+00	36	Материал. Фундаменты	2	[{"changed": {"fields": ["Name"]}}]	14	1
701	2025-02-08 08:22:40.257354+00	37	Физический износ. Фундаменты	2	[{"changed": {"fields": ["Name"]}}]	14	1
702	2025-02-09 04:29:39.112923+00	10	Шифр	2	[{"changed": {"fields": ["Mask"]}}]	14	1
703	2025-02-09 06:15:57.389544+00	2	Тип объекта	2	[{"changed": {"fields": ["settings"]}}]	14	1
704	2025-02-09 06:18:34.166686+00	14	Статус объекта	2	[{"changed": {"fields": ["Placeholder"]}}]	14	1
705	2025-02-09 06:19:03.156042+00	14	Статус объекта	2	[{"changed": {"fields": ["settings"]}}]	14	1
706	2025-02-09 06:23:43.921802+00	13	Sheet object (13)	2	[{"changed": {"fields": ["data"]}}]	8	1
707	2025-02-09 06:23:51.814178+00	13	Sheet object (13)	2	[{"changed": {"fields": ["data"]}}]	8	1
708	2025-02-09 06:23:59.359492+00	13	Sheet object (13)	2	[{"changed": {"fields": ["data"]}}]	8	1
709	2025-02-09 06:24:35.42044+00	13	Sheet object (13)	2	[{"changed": {"fields": ["data"]}}]	8	1
710	2025-02-09 06:24:57.240882+00	7	Sheet object (7)	2	[{"changed": {"fields": ["data"]}}]	8	1
711	2025-02-09 06:25:20.976207+00	11	Sheet object (11)	2	[{"changed": {"fields": ["data"]}}]	8	1
712	2025-02-09 06:25:32.940717+00	12	Sheet object (12)	2	[{"changed": {"fields": ["data"]}}]	8	1
713	2025-02-09 06:27:35.768494+00	17	Sheet object (17)	2	[{"changed": {"fields": ["data"]}}]	8	1
714	2025-02-09 06:28:32.23547+00	20	Sheet object (20)	2	[{"changed": {"fields": ["data"]}}]	8	1
715	2025-02-09 06:28:43.09683+00	21	Sheet object (21)	2	[{"changed": {"fields": ["data"]}}]	8	1
716	2025-02-09 06:28:48.971299+00	23	Sheet object (23)	2	[{"changed": {"fields": ["data"]}}]	8	1
717	2025-02-09 06:28:57.294864+00	24	Sheet object (24)	2	[{"changed": {"fields": ["data"]}}]	8	1
718	2025-02-09 06:29:07.059786+00	25	Sheet object (25)	2	[{"changed": {"fields": ["data"]}}]	8	1
719	2025-02-09 06:30:15.425826+00	8	Sheet object (8)	2	[{"changed": {"fields": ["data"]}}]	8	1
720	2025-02-09 12:20:41.77001+00	701	spoural - 701	3		7	1
721	2025-02-09 12:20:41.770087+00	700	spoural - 700	3		7	1
722	2025-02-09 12:20:41.77012+00	699	spoural - 699	3		7	1
723	2025-02-09 12:20:41.770145+00	698	spoural - 698	3		7	1
724	2025-02-09 12:20:41.770169+00	697	spoural - 697	3		7	1
725	2025-02-09 12:20:41.770192+00	696	spoural - 696	3		7	1
726	2025-02-09 12:20:41.770215+00	695	spoural - 695	3		7	1
727	2025-02-09 12:20:41.770237+00	694	spoural - 694	3		7	1
728	2025-02-09 12:20:41.770259+00	693	spoural - 693	3		7	1
729	2025-02-09 12:20:41.77028+00	692	spoural - 692	3		7	1
730	2025-02-09 12:20:41.770302+00	691	spoural - 691	3		7	1
731	2025-02-09 12:20:41.770343+00	690	spoural - 690	3		7	1
732	2025-02-09 12:20:41.770398+00	689	spoural - 689	3		7	1
733	2025-02-09 12:20:41.770432+00	688	spoural - 688	3		7	1
734	2025-02-09 12:20:41.770456+00	687	spoural - 687	3		7	1
735	2025-02-09 12:20:41.770478+00	686	spoural - 686	3		7	1
736	2025-02-09 12:20:41.7705+00	685	spoural - 685	3		7	1
737	2025-02-09 12:20:41.770522+00	684	spoural - 684	3		7	1
738	2025-02-09 12:20:41.770558+00	683	spoural - 683	3		7	1
739	2025-02-09 12:20:41.770581+00	682	spoural - 682	3		7	1
740	2025-02-09 12:20:41.770603+00	681	spoural - 681	3		7	1
741	2025-02-09 12:20:41.770625+00	680	spoural - 680	3		7	1
742	2025-02-09 12:20:41.770647+00	679	spoural - 679	3		7	1
743	2025-02-09 12:20:41.770668+00	678	spoural - 678	3		7	1
744	2025-02-09 12:20:41.77069+00	677	spoural - 677	3		7	1
745	2025-02-09 12:20:41.770712+00	676	spoural - 676	3		7	1
746	2025-02-09 12:20:41.770734+00	675	spoural - 675	3		7	1
747	2025-02-09 12:20:41.770756+00	674	spoural - 674	3		7	1
748	2025-02-09 12:20:41.770778+00	673	spoural - 673	3		7	1
749	2025-02-09 12:20:41.770799+00	672	spoural - 672	3		7	1
750	2025-02-09 12:20:41.77082+00	671	spoural - 671	3		7	1
751	2025-02-09 12:20:41.770842+00	670	spoural - 670	3		7	1
752	2025-02-09 12:20:41.770863+00	669	spoural - 669	3		7	1
753	2025-02-09 12:20:41.770884+00	668	spoural - 668	3		7	1
754	2025-02-09 12:20:41.770905+00	667	spoural - 667	3		7	1
755	2025-02-09 12:20:41.770926+00	666	spoural - 666	3		7	1
756	2025-02-09 12:20:41.770947+00	665	spoural - 665	3		7	1
757	2025-02-09 12:20:41.770968+00	664	spoural - 664	3		7	1
758	2025-02-09 12:20:41.770989+00	663	spoural - 663	3		7	1
759	2025-02-09 12:20:41.77101+00	662	spoural - 662	3		7	1
760	2025-02-09 12:20:41.771031+00	661	spoural - 661	3		7	1
761	2025-02-09 12:20:41.771052+00	660	spoural - 660	3		7	1
762	2025-02-09 12:20:41.771073+00	659	spoural - 659	3		7	1
763	2025-02-09 12:20:41.771094+00	658	spoural - 658	3		7	1
764	2025-02-09 12:20:41.771115+00	657	spoural - 657	3		7	1
765	2025-02-09 12:20:41.771136+00	656	spoural - 656	3		7	1
766	2025-02-09 12:20:41.771163+00	655	spoural - 655	3		7	1
767	2025-02-09 12:20:41.771184+00	654	spoural - 654	3		7	1
768	2025-02-09 12:20:41.771205+00	653	spoural - 653	3		7	1
769	2025-02-09 12:20:41.771225+00	652	spoural - 652	3		7	1
770	2025-02-09 12:20:41.771247+00	651	spoural - 651	3		7	1
771	2025-02-09 12:20:41.77127+00	650	spoural - 650	3		7	1
772	2025-02-09 12:20:41.771291+00	649	spoural - 649	3		7	1
773	2025-02-09 12:20:41.771313+00	648	spoural - 648	3		7	1
774	2025-02-09 12:20:41.771333+00	647	spoural - 647	3		7	1
775	2025-02-09 12:20:41.771354+00	646	spoural - 646	3		7	1
776	2025-02-09 12:20:41.771374+00	645	spoural - 645	3		7	1
777	2025-02-09 12:20:41.771395+00	644	spoural - 644	3		7	1
778	2025-02-09 12:20:41.771416+00	643	spoural - 643	3		7	1
779	2025-02-09 12:20:41.771436+00	642	spoural - 642	3		7	1
780	2025-02-09 12:20:41.771456+00	641	spoural - 641	3		7	1
781	2025-02-09 12:20:41.771477+00	640	spoural - 640	3		7	1
782	2025-02-09 12:20:41.771497+00	639	spoural - 639	3		7	1
783	2025-02-09 12:20:41.771517+00	638	spoural - 638	3		7	1
784	2025-02-09 12:20:41.771537+00	637	spoural - 637	3		7	1
785	2025-02-09 12:20:41.771557+00	636	spoural - 636	3		7	1
786	2025-02-09 12:20:41.771577+00	635	spoural - 635	3		7	1
787	2025-02-09 12:20:41.771597+00	634	spoural - 634	3		7	1
788	2025-02-09 12:20:41.771617+00	633	spoural - 633	3		7	1
789	2025-02-09 12:20:41.771637+00	632	spoural - 632	3		7	1
790	2025-02-09 12:24:12.484562+00	14	Введение, 5	2	[{"changed": {"fields": ["data"]}}]	8	1
791	2025-02-09 12:30:07.539014+00	21	Форма собственности объекта	2	[{"changed": {"fields": ["Placeholder", "settings"]}}]	14	1
792	2025-02-09 12:33:54.158226+00	21	Дефекты, 11	2	[{"changed": {"fields": ["data"]}}]	8	1
793	2025-02-09 12:35:06.25849+00	21	Дефекты, 11	2	[{"changed": {"fields": ["data"]}}]	8	1
794	2025-02-10 18:53:09.400782+00	22	Приложение А. Выписки из реестра членов саморегулируемой организации, 15	2	[{"changed": {"fields": ["data"]}}]	8	1
795	2025-02-10 18:58:44.876574+00	22	Приложение А. Выписки из реестра членов саморегулируемой организации, 15	2	[{"changed": {"fields": ["data"]}}]	8	1
796	2025-02-10 19:28:49.95713+00	2	Тип объекта	2	[]	14	1
797	2025-02-10 19:28:59.183694+00	22	Приложение А. Выписки из реестра членов саморегулируемой организации, 15	2	[]	8	1
798	2025-02-11 06:25:49.162181+00	704	spoural - 704	3		7	1
799	2025-02-11 06:25:49.162248+00	703	spoural - 703	3		7	1
800	2025-02-11 06:25:49.162279+00	702	spoural - 702	3		7	1
801	2025-02-11 06:25:49.162306+00	735	spoural - 735	3		7	1
802	2025-02-11 06:25:49.162331+00	734	spoural - 734	3		7	1
803	2025-02-11 06:25:49.162355+00	733	spoural - 733	3		7	1
804	2025-02-11 06:25:49.162378+00	732	spoural - 732	3		7	1
805	2025-02-11 06:25:49.1624+00	731	spoural - 731	3		7	1
806	2025-02-11 06:25:49.162422+00	730	spoural - 730	3		7	1
807	2025-02-11 06:25:49.162445+00	729	spoural - 729	3		7	1
808	2025-02-11 06:25:49.162467+00	728	spoural - 728	3		7	1
809	2025-02-11 06:25:49.162489+00	727	spoural - 727	3		7	1
810	2025-02-11 06:25:49.162511+00	726	spoural - 726	3		7	1
811	2025-02-11 06:25:49.162531+00	725	spoural - 725	3		7	1
812	2025-02-11 06:25:49.162554+00	724	spoural - 724	3		7	1
813	2025-02-11 06:25:49.162576+00	723	spoural - 723	3		7	1
814	2025-02-11 06:25:49.162598+00	722	spoural - 722	3		7	1
815	2025-02-11 06:25:49.16262+00	721	spoural - 721	3		7	1
816	2025-02-11 06:25:49.162641+00	720	spoural - 720	3		7	1
817	2025-02-11 06:25:49.162663+00	719	spoural - 719	3		7	1
818	2025-02-11 06:25:49.162684+00	718	spoural - 718	3		7	1
819	2025-02-11 06:25:49.162705+00	717	spoural - 717	3		7	1
820	2025-02-11 06:25:49.162726+00	716	spoural - 716	3		7	1
821	2025-02-11 06:25:49.162747+00	715	spoural - 715	3		7	1
822	2025-02-11 06:25:49.162768+00	714	spoural - 714	3		7	1
823	2025-02-11 06:25:49.162789+00	713	spoural - 713	3		7	1
824	2025-02-11 06:25:49.162812+00	712	spoural - 712	3		7	1
825	2025-02-11 06:25:49.162848+00	711	spoural - 711	3		7	1
826	2025-02-11 06:25:49.162875+00	710	spoural - 710	3		7	1
827	2025-02-11 06:25:49.162896+00	709	spoural - 709	3		7	1
828	2025-02-11 06:25:49.16293+00	708	spoural - 708	3		7	1
829	2025-02-11 06:25:49.162952+00	707	spoural - 707	3		7	1
830	2025-02-11 06:25:49.162973+00	706	spoural - 706	3		7	1
831	2025-02-11 06:25:49.162994+00	705	spoural - 705	3		7	1
832	2025-02-11 06:47:52.482453+00	16	Проектная организация объекта	2	[{"changed": {"fields": ["Mask"]}}]	14	1
833	2025-02-11 06:48:03.460619+00	17	Строительная организация объекта	2	[{"changed": {"fields": ["Mask"]}}]	14	1
834	2025-02-11 06:48:11.767322+00	19	Год и характер последнего ремонта объекта (реконструкции)	2	[{"changed": {"fields": ["Mask"]}}]	14	1
835	2025-02-11 06:48:18.896572+00	20	Собственник объекта	2	[{"changed": {"fields": ["Mask"]}}]	14	1
836	2025-02-11 06:49:37.342067+00	24	Период основного тона колебаний	2	[{"changed": {"fields": ["Placeholder"]}}]	14	1
837	2025-02-11 06:49:46.274354+00	25	Крен объекта	2	[{"changed": {"fields": ["Placeholder"]}}]	14	1
838	2025-02-11 06:49:54.465511+00	25	Крен объекта	2	[{"changed": {"fields": ["Mask"]}}]	14	1
839	2025-02-11 06:49:58.79176+00	24	Период основного тона колебаний	2	[{"changed": {"fields": ["Mask"]}}]	14	1
840	2025-02-11 06:51:05.434891+00	21	Форма собственности объекта	2	[]	14	1
841	2025-02-11 06:51:46.394937+00	22	Конструктивный тип объекта	2	[{"changed": {"fields": ["settings"]}}]	14	1
842	2025-02-11 06:53:53.880117+00	26	Техническое состояние объекта	2	[{"changed": {"fields": ["settings"]}}]	14	1
843	2025-02-11 07:27:29.618109+00	39	Дата договора	1	[{"added": {}}]	14	1
844	2025-02-11 07:27:57.550612+00	11	Номер договора	2	[{"changed": {"fields": ["Mask"]}}]	14	1
845	2025-02-11 09:22:52.901726+00	14	Введение, 5	2	[{"changed": {"fields": ["data"]}}]	8	1
846	2025-02-11 09:27:43.318105+00	30	Климатическая зона	2	[{"changed": {"fields": ["Type", "Name", "Placeholder", "settings"]}}]	14	1
847	2025-02-11 09:28:46.462706+00	40	Климатический район	1	[{"added": {}}]	14	1
848	2025-02-11 09:30:09.780401+00	16	Конструктивная характеристика, 7	2	[{"changed": {"fields": ["data"]}}]	8	1
849	2025-02-11 09:44:21.501366+00	41	Форма здания	1	[{"added": {}}]	14	1
850	2025-02-11 09:45:14.705303+00	17	Описание конструкций здания, 8	2	[{"changed": {"fields": ["data"]}}]	8	1
851	2025-02-17 13:50:12.03489+00	736	spoural - 736	3		7	1
852	2025-02-18 08:03:27.111156+00	14	Статус объекта	2	[{"changed": {"fields": ["settings"]}}]	14	1
853	2025-02-18 13:17:34.056313+00	742	spoural - 742	3		7	1
854	2025-02-18 13:17:34.056372+00	741	spoural - 741	3		7	1
855	2025-02-18 13:17:34.056403+00	739	spoural - 739	3		7	1
856	2025-02-18 14:15:57.268978+00	22	Приложение А. Выписки из реестра членов саморегулируемой организации, 15	2	[{"changed": {"fields": ["data"]}}]	8	1
857	2025-02-18 14:33:34.19704+00	747	spoural - 747	3		7	1
858	2025-02-18 14:33:34.197098+00	748	spoural - 748	3		7	1
859	2025-02-18 14:33:34.197126+00	746	spoural - 746	3		7	1
860	2025-02-18 14:43:42.548887+00	751	spoural - 751	3		7	1
861	2025-02-18 14:43:42.548948+00	750	spoural - 750	3		7	1
862	2025-02-18 14:43:42.548978+00	749	spoural - 749	3		7	1
863	2025-02-18 14:43:42.549003+00	752	spoural - 752	3		7	1
864	2025-02-18 15:20:52.313126+00	760	spoural - 760	3		7	1
865	2025-02-18 15:20:52.313126+00	759	spoural - 759	3		7	1
866	2025-02-18 15:20:52.313126+00	758	spoural - 758	3		7	1
867	2025-02-18 15:20:52.313126+00	757	spoural - 757	3		7	1
868	2025-02-18 15:20:52.313656+00	756	spoural - 756	3		7	1
869	2025-02-18 15:20:52.313656+00	755	spoural - 755	3		7	1
870	2025-02-18 15:20:52.313656+00	754	spoural - 754	3		7	1
871	2025-02-18 15:20:52.313656+00	753	spoural - 753	3		7	1
872	2025-02-18 15:24:49.180055+00	17	Описание конструкций здания, 8	2	[{"changed": {"fields": ["data"]}}]	8	1
873	2025-02-18 15:33:36.377254+00	762	spoural - 	3		7	1
874	2025-02-18 15:33:36.377254+00	761	spoural - 	3		7	1
875	2025-02-18 15:49:09.806583+00	763	spoural - Лечебная 21	3		7	1
876	2025-02-18 15:57:36.395288+00	766	spoural - Лечебная 20	3		7	1
877	2025-02-18 15:57:36.395288+00	765	spoural - Лечебная 20	3		7	1
878	2025-02-18 15:57:36.395288+00	764	spoural - Тевосяна 4	3		7	1
879	2025-02-18 16:56:30.634252+00	771	spoural - Магнитогорск, Тевосяна 4	3		7	1
880	2025-02-18 16:56:30.634341+00	770	spoural - 12345	3		7	1
881	2025-02-18 17:13:52.924749+00	773	spoural - Лечебная 16	3		7	1
882	2025-02-18 17:13:52.92481+00	772	spoural - 12345	3		7	1
883	2025-02-22 15:11:12.559271+00	26	Приложение Б, 16	1	[{"added": {}}]	8	1
884	2025-02-22 21:29:42.181794+00	26	Приложение Б, 16	2	[{"changed": {"fields": ["data"]}}]	8	1
885	2025-02-22 21:50:52.624292+00	26	Приложение Б, 16	2	[{"changed": {"fields": ["data"]}}]	8	1
886	2025-02-22 21:52:37.163635+00	26	Приложение Б, 16	2	[{"changed": {"fields": ["data"]}}]	8	1
887	2025-02-22 21:59:09.231978+00	26	Приложение Б, 16	2	[{"changed": {"fields": ["data"]}}]	8	1
888	2025-02-22 22:01:19.532749+00	26	Приложение Б, 16	2	[{"changed": {"fields": ["data"]}}]	8	1
889	2025-02-23 01:06:59.167593+00	26	Приложение Б, 16	2	[]	8	1
890	2025-02-23 01:08:43.506065+00	822	spoural - Лечебная 20	3		7	1
891	2025-02-23 01:08:43.506123+00	821	spoural - Лечебная 20	3		7	1
892	2025-02-23 01:08:43.50615+00	820	spoural - Лечебная 20	3		7	1
893	2025-02-23 01:08:43.506174+00	819	spoural - Лечебная 20	3		7	1
894	2025-02-23 01:08:43.506205+00	818	spoural - Лечебная 20	3		7	1
895	2025-02-23 01:08:43.506249+00	817	spoural - Лечебная 20	3		7	1
896	2025-02-23 01:08:43.50628+00	816	spoural - Лечебная 20	3		7	1
897	2025-02-23 01:08:43.506302+00	815	spoural - Лечебная 20	3		7	1
898	2025-02-23 01:08:43.506323+00	814	spoural - Лечебная 20	3		7	1
899	2025-02-23 01:08:43.506346+00	813	spoural - Лечебная 20	3		7	1
900	2025-02-23 01:08:43.506406+00	812	spoural - Лечебная 20	3		7	1
901	2025-02-23 01:08:43.506434+00	811	spoural - Лечебная 20	3		7	1
902	2025-02-23 01:08:43.506456+00	810	spoural - Лечебная 20	3		7	1
903	2025-02-23 01:08:43.506478+00	809	spoural - Лечебная 20	3		7	1
904	2025-02-23 01:08:43.5065+00	808	spoural - Лечебная 20	3		7	1
905	2025-02-23 01:08:43.506521+00	807	spoural - Лечебная 20	3		7	1
906	2025-02-23 01:08:43.506542+00	806	spoural - Лечебная 20	3		7	1
907	2025-02-23 01:08:43.506563+00	805	spoural - Лечебная 20	3		7	1
908	2025-02-23 01:08:43.506584+00	804	spoural - Лечебная 20	3		7	1
909	2025-02-23 01:08:43.506619+00	803	spoural - Лечебная 20	3		7	1
910	2025-02-23 01:08:43.506655+00	802	spoural - Лечебная 20	3		7	1
911	2025-02-23 01:08:43.506678+00	801	spoural - Лечебная 20	3		7	1
912	2025-02-23 01:08:43.506699+00	800	spoural - Лечебная 20	3		7	1
913	2025-02-23 01:08:43.506721+00	799	spoural - Лечебная 20	3		7	1
914	2025-02-23 01:08:43.506746+00	798	spoural - Лечебная 20_1	3		7	1
915	2025-02-23 01:08:43.506786+00	797	spoural - Лечебная 20_1	3		7	1
916	2025-02-23 01:08:43.50681+00	796	spoural - Лечебная 20	3		7	1
917	2025-02-23 01:08:43.506832+00	795	spoural - Лечебная 20	3		7	1
918	2025-02-23 01:08:43.506852+00	794	spoural - Лечебная 20	3		7	1
919	2025-02-23 01:08:43.506873+00	793	spoural - Лечебная 20	3		7	1
920	2025-02-23 01:08:43.506909+00	792	spoural - Лечебная 20	3		7	1
921	2025-02-23 01:08:43.506947+00	791	spoural - Лечебная 20	3		7	1
922	2025-02-23 01:08:43.506969+00	790	spoural - Лечебная 20	3		7	1
923	2025-02-23 01:08:43.50699+00	789	spoural - Лечебная 20	3		7	1
924	2025-02-23 01:08:43.50701+00	788	spoural - Лечебная 20	3		7	1
925	2025-02-23 01:08:43.507029+00	787	spoural - Лечебная 20	3		7	1
926	2025-02-23 11:54:26.828819+00	26	Приложение Б, 16	2	[{"changed": {"fields": ["data"]}}]	8	1
927	2025-02-23 12:07:34.208216+00	855	spoural - Лечебная 20	3		7	1
928	2025-02-23 12:07:34.208279+00	854	spoural - Лечебная 20	3		7	1
929	2025-02-23 12:07:34.208309+00	853	spoural - Лечебная 20	3		7	1
930	2025-02-23 12:07:34.208332+00	852	spoural - Лечебная 20	3		7	1
931	2025-02-23 12:07:34.208355+00	851	spoural - Лечебная 20	3		7	1
932	2025-02-23 12:07:34.208377+00	850	spoural - Лечебная 20	3		7	1
933	2025-02-23 12:07:34.208398+00	849	spoural - Лечебная 20	3		7	1
934	2025-02-23 12:07:34.208418+00	848	spoural - Лечебная 20	3		7	1
935	2025-02-23 12:07:34.208439+00	847	spoural - Лечебная 20	3		7	1
936	2025-02-23 12:07:34.20846+00	846	spoural - Лечебная 20	3		7	1
937	2025-02-23 12:07:34.20848+00	845	spoural - Лечебная 20	3		7	1
938	2025-02-23 12:07:34.208501+00	844	spoural - Лечебная 20	3		7	1
939	2025-02-23 12:07:34.208521+00	843	spoural - Лечебная 20	3		7	1
940	2025-02-23 12:07:34.208541+00	842	spoural - Лечебная 20	3		7	1
941	2025-02-23 12:07:34.208561+00	841	spoural - Лечебная 20	3		7	1
942	2025-02-23 12:07:34.208581+00	840	spoural - Лечебная 20	3		7	1
943	2025-02-23 12:07:34.208601+00	839	spoural - Лечебная 20	3		7	1
944	2025-02-23 12:07:34.208621+00	838	spoural - Лечебная 20	3		7	1
945	2025-02-23 12:07:34.208641+00	837	spoural - Лечебная 20	3		7	1
946	2025-02-23 12:07:34.208661+00	836	spoural - Лечебная 20	3		7	1
947	2025-02-23 12:07:34.20868+00	835	spoural - Лечебная 20	3		7	1
948	2025-02-23 12:07:34.2087+00	834	spoural - Лечебная 20	3		7	1
949	2025-02-23 12:07:34.20872+00	833	spoural - Лечебная 20	3		7	1
950	2025-02-23 12:07:34.20874+00	832	spoural - Лечебная 20	3		7	1
951	2025-02-23 12:07:34.20876+00	831	spoural - Лечебная 20	3		7	1
952	2025-02-23 12:07:34.20878+00	830	spoural - Лечебная 20	3		7	1
953	2025-02-23 12:07:34.2088+00	829	spoural - Лечебная 20	3		7	1
954	2025-02-23 12:07:34.208819+00	828	spoural - Лечебная 20	3		7	1
955	2025-02-23 12:07:34.208839+00	827	spoural - Лечебная 20	3		7	1
956	2025-02-23 12:07:34.208858+00	826	spoural - Лечебная 20	3		7	1
957	2025-02-23 12:07:34.208877+00	825	spoural - Лечебная 20	3		7	1
958	2025-02-23 12:07:34.208896+00	824	spoural - Лечебная 20	3		7	1
959	2025-02-23 12:07:34.208916+00	823	spoural - Лечебная 20	3		7	1
960	2025-02-23 19:15:47.342915+00	26	Приложение Б, 16	2	[{"changed": {"fields": ["data"]}}]	8	1
961	2025-02-24 12:00:04.185843+00	44	Выпадение отдельных камней в надземной части цоколя и фундаментных столбов	3		13	1
962	2025-02-24 12:00:04.185907+00	15	Выпирание грунта в подвале	3		13	1
963	2025-02-24 12:00:04.185934+00	9	Выпучивание и заметное искривление цоколя	3		13	1
964	2025-02-24 12:00:04.185957+00	29	Выпучивание отдельных участков стен подвала	3		13	1
965	2025-02-24 12:00:04.185979+00	7	Выпучивание полов и стен подвала	3		13	1
966	2025-02-24 12:00:04.186005+00	36	Выпучивание цоколя	3		13	1
967	2025-02-24 12:00:04.18607+00	17	Высолы и следы увлажнения стен подвала	3		13	1
968	2025-02-24 12:00:04.1861+00	20	Выщелачивание раствора из швов между блоками	3		13	1
969	2025-02-24 12:00:04.186121+00	30	Забирки и повреждение отдельных досок забирки	3		13	1
970	2025-02-24 12:00:04.186142+00	11	Значительное выпирание грунта и разрушение стен подвала	3		13	1
971	2025-02-24 12:00:04.186162+00	26	Искривление горизонтальной линии стен	3		13	1
972	2025-02-24 12:00:04.186181+00	41	Искривление горизонтальных линий стен	3		13	1
973	2025-02-24 12:00:04.186201+00	27	Искривление горизонтальных линий цоколя	3		13	1
974	2025-02-24 12:00:04.186221+00	52	Искривление горизонтальных линий цоколя без признаков увеличения осадочных деформаций	3		13	1
975	2025-02-24 12:00:04.186241+00	51	Искривление и значительная осадка отдельных участков стен	3		13	1
976	2025-02-24 12:00:04.186261+00	19	Массовые повреждения и разрушение блоков	3		13	1
977	2025-02-24 12:00:04.186279+00	13	Массовые прогрессирующие сквозные трещины на всю высоту здания	3		13	1
978	2025-02-24 12:00:04.186299+00	28	Мелкие повреждения верхней части столбов	3		13	1
979	2025-02-24 12:00:04.186318+00	40	Мелкие повреждения цокольной части	3		13	1
980	2025-02-24 12:00:04.186337+00	14	Мелкие трещины в цоколе	3		13	1
981	2025-02-24 12:00:04.186356+00	10	Мелкие трещины в цоколе и под окнами первого этажа	3		13	1
982	2025-02-24 12:00:04.186376+00	21	Местные нарушения штукатурного слоя цоколя и стен	3		13	1
983	2025-02-24 12:00:04.186394+00	42	Нарушение монолитности кладки столбов	3		13	1
984	2025-02-24 12:00:04.186415+00	8	Неравномерная осадка фундамента	3		13	1
985	2025-02-24 12:00:04.186434+00	25	Обрастание мхом нижней части цоколя	3		13	1
986	2025-02-24 12:00:04.186454+00	38	Осадка отдельных участков	3		13	1
987	2025-02-24 12:00:04.186473+00	24	Осадка отдельных участков здания	3		13	1
988	2025-02-24 12:00:04.186492+00	5	Отдельные глубокие трещины	3		13	1
989	2025-02-24 12:00:04.18651+00	35	Перекосы в цоколе	3		13	1
990	2025-02-24 12:00:04.18653+00	39	Перекосы оконных и дверных проемов	3		13	1
991	2025-02-24 12:00:04.186548+00	37	Полное разрушение цоколя	3		13	1
992	2025-02-24 12:00:04.186567+00	33	Поражение гнилью	3		13	1
993	2025-02-24 12:00:04.186586+00	32	Поражение забирки гнилью	3		13	1
994	2025-02-24 12:00:04.186605+00	23	Прогрессирующие сквозные трещины на всю высоту здания	3		13	1
995	2025-02-24 12:00:04.186624+00	48	Развитие деформаций фундаментов	3		13	1
996	2025-02-24 12:00:04.186643+00	50	Развитие сквозных трещин в стенах здания	3		13	1
997	2025-02-24 12:00:04.186662+00	31	Разрушение отделочного слоя цоколя	3		13	1
998	2025-02-24 12:00:04.18668+00	47	Разрушение цоколя	3		13	1
999	2025-02-24 12:00:04.186698+00	12	Сквозные трещины в цоколе	3		13	1
1000	2025-02-24 12:00:04.186717+00	43	Сколы и выпадение камней в надземной части столбов	3		13	1
1001	2025-02-24 12:00:04.186736+00	6	Следы увлажнения цоколя и стен	3		13	1
1002	2025-02-24 12:00:04.186755+00	18	Следы увлажнения цоколя и стен подвала	3		13	1
1003	2025-02-24 12:00:04.186774+00	22	Трещины	3		13	1
1004	2025-02-24 12:00:04.186792+00	34	Трещины в цоколе	3		13	1
1005	2025-02-24 12:00:04.18681+00	49	Трещины в цокольной части здания	3		13	1
1006	2025-02-24 12:00:04.186829+00	16	Трещины в швах между блоками	3		13	1
1007	2025-02-24 12:00:10.000391+00	11	Cвайные столбчатые каменные, бетонные и железобетонные	3		11	1
1008	2025-02-24 12:00:10.000466+00	9	Столбчатые каменные с кирпичным цоколем	3		11	1
1009	2025-02-24 12:00:10.000494+00	8	Столбчатые деревянные с забиркой	3		11	1
1010	2025-02-24 12:00:10.000515+00	7	Ленточные крупноблочные	3		11	1
1011	2025-02-24 12:00:10.000535+00	6	Ленточные каменные	3		11	1
1012	2025-02-24 12:00:20.645088+00	24	Усиление фундаментов и стен	3		12	1
1013	2025-02-24 12:00:20.645149+00	23	Ремонт вертикальной и горизонтальной гидроизоляции и отмостки	3		12	1
1014	2025-02-24 12:00:20.645175+00	22	Ремонт штукатурки стен подвала	3		12	1
1015	2025-02-24 12:00:20.645196+00	21	Заполнение швов между блоками	3		12	1
1016	2025-02-24 12:00:20.645217+00	20	Затирка трещин	3		12	1
1017	2025-02-24 12:00:20.645237+00	19	Восстановление горизонтальной и вертикальной гидроизоляции	3		12	1
1018	2025-02-24 12:00:20.645256+00	18	Усиление, замена отдельных участков кладки	3		12	1
1082	2025-02-24 16:49:28.550865+00	908	spoural - Лечебная 20	3		7	1
1019	2025-02-24 12:00:20.645275+00	17	Ремонт горизонтальной изоляции	3		12	1
1020	2025-02-24 12:00:20.645293+00	16	Укрепление кладки	3		12	1
1021	2025-02-24 12:00:20.645311+00	15	Ремонт верхней части фундаментных столбов	3		12	1
1022	2025-02-24 12:00:20.645331+00	14	Замена цоколя	3		12	1
1023	2025-02-24 12:00:20.645349+00	13	Ремонт кладки цоколя	3		12	1
1024	2025-02-24 12:00:20.645369+00	12	Заделка выбоин	3		12	1
1025	2025-02-24 12:00:20.645388+00	11	Расшивка трещин	3		12	1
1026	2025-02-24 12:00:20.645406+00	10	Полная замена фундамента	3		12	1
1027	2025-02-24 12:00:20.645425+00	9	Замена столбов и забирки с вывешиванием стен	3		12	1
1028	2025-02-24 12:00:20.645443+00	8	Ремонт оголовков столбов	3		12	1
1029	2025-02-24 12:00:20.645461+00	7	Полная замена забирки	3		12	1
1030	2025-02-24 12:00:20.64548+00	6	Переборка досок забирки	3		12	1
1031	2025-02-24 12:00:20.645499+00	5	Восстановление отделки	3		12	1
1032	2025-02-24 12:00:20.645517+00	4	Укрепление врубок	3		12	1
1036	2025-02-24 12:20:09.250866+00	92	Впадение отдельных камней в надземной части цоколя и фундаментных столбов	2	[{"changed": {"fields": ["Name"]}}]	13	1
1037	2025-02-24 12:20:12.3609+00	92	Выпадение отдельных камней в надземной части цоколя и фундаментных столбов	2	[{"changed": {"fields": ["Name"]}}]	13	1
1038	2025-02-24 13:36:39.064451+00	864	spoural - Лечебная 20	3		7	1
1039	2025-02-24 13:36:39.064514+00	863	spoural - ulitsa	3		7	1
1040	2025-02-24 13:36:39.064544+00	860	spoural - Лечебная 20	3		7	1
1041	2025-02-24 13:36:39.064567+00	859	spoural - Лечебная 20	3		7	1
1042	2025-02-24 13:37:19.526901+00	26	Приложение Б, 16	2	[{"changed": {"fields": ["data"]}}]	8	1
1043	2025-02-24 13:40:12.678765+00	22	Приложение А. Выписки из реестра членов саморегулируемой организации, 15	2	[{"changed": {"fields": ["Files"]}}]	8	1
1044	2025-02-24 13:40:30.06768+00	22	Приложение А. Выписки из реестра членов саморегулируемой организации, 15	2	[{"changed": {"fields": ["Files"]}}]	8	1
1045	2025-02-24 13:43:02.533494+00	27	Приложение А. Выписки из реестра членов саморегулируемой организации, 16	1	[{"added": {}}]	8	1
1046	2025-02-24 13:43:13.020205+00	26	Приложение Б, 17	2	[{"changed": {"fields": ["Index"]}}]	8	1
1047	2025-02-24 13:43:47.05625+00	29	Приложение В. Расчет общего физического износа здания, 18	1	[{"added": {}}]	8	1
1048	2025-02-24 13:43:57.402249+00	26	Приложение Б. Фотоюллюстрации, 17	2	[{"changed": {"fields": ["Name"]}}]	8	1
1049	2025-02-24 13:44:12.952759+00	28	Содержание-копия, 2	3		8	1
1050	2025-02-24 13:44:19.238664+00	21	Дефекты и рекомендации, 11	2	[{"changed": {"fields": ["Name"]}}]	8	1
1051	2025-02-24 13:47:20.188061+00	866	spoural - Лечебная 20	3		7	1
1052	2025-02-24 13:47:20.188117+00	865	spoural - Лечебная 20	3		7	1
1053	2025-02-24 14:11:07.976029+00	871	spoural - Лечебная 20	3		7	1
1054	2025-02-24 14:11:07.97609+00	870	spoural - Лечебная 20	3		7	1
1055	2025-02-24 14:11:07.97612+00	869	spoural - Лечебная 20	3		7	1
1056	2025-02-24 14:11:07.976144+00	868	spoural - Лечебная 20	3		7	1
1057	2025-02-24 14:11:07.976167+00	867	spoural - Лечебная 20	3		7	1
1058	2025-02-24 15:17:24.346446+00	884	spoural - Лечебная 20	3		7	1
1059	2025-02-24 15:17:24.346554+00	883	spoural - Лечебная 20	3		7	1
1060	2025-02-24 15:17:24.346617+00	882	spoural - Лечебная 20	3		7	1
1061	2025-02-24 15:17:24.346672+00	881	spoural - Лечебная 20	3		7	1
1062	2025-02-24 15:17:24.346717+00	880	spoural - Лечебная 20	3		7	1
1063	2025-02-24 15:17:24.34676+00	879	spoural - Лечебная 20	3		7	1
1064	2025-02-24 15:17:24.3468+00	878	spoural - Лечебная 20	3		7	1
1065	2025-02-24 15:17:24.346838+00	877	spoural - Лечебная 20	3		7	1
1066	2025-02-24 15:17:24.346877+00	876	spoural - Лечебная 20	3		7	1
1067	2025-02-24 15:17:24.346916+00	875	spoural - Лечебная 20	3		7	1
1068	2025-02-24 15:17:24.346955+00	874	spoural - Лечебная 20	3		7	1
1069	2025-02-24 15:17:24.346995+00	873	spoural - Лечебная 20	3		7	1
1070	2025-02-24 15:17:24.347036+00	872	spoural - Лечебная 20	3		7	1
1071	2025-02-24 15:33:29.977001+00	27	Приложение А. Вторая выписка, 16	2	[{"changed": {"fields": ["Name"]}}]	8	1
1072	2025-02-24 15:39:25.775111+00	22	Приложение А. Выписки из реестра членов саморегулируемой организации, 15	2	[{"changed": {"fields": ["data"]}}]	8	1
1073	2025-02-24 15:39:36.020457+00	27	Приложение А. Вторая выписка, 16	2	[{"changed": {"fields": ["data"]}}]	8	1
1074	2025-02-24 15:43:21.385117+00	26	Приложение Б. Фотоюллюстрации, 17	2	[{"changed": {"fields": ["data"]}}]	8	1
1075	2025-02-24 15:46:01.257683+00	26	Приложение Б. Фотоюллюстрации, 17	2	[{"changed": {"fields": ["data"]}}]	8	1
1076	2025-02-24 15:49:04.601816+00	26	Приложение Б. Фотоюллюстрации, 17	2	[{"changed": {"fields": ["data"]}}]	8	1
1077	2025-02-24 15:49:22.505873+00	26	Приложение Б. Фотоюллюстрации, 17	2	[{"changed": {"fields": ["data"]}}]	8	1
1078	2025-02-24 15:49:32.859037+00	26	Приложение Б. Фотоюллюстрации, 17	2	[{"changed": {"fields": ["data"]}}]	8	1
1079	2025-02-24 15:55:08.50571+00	26	Приложение Б. Фотоюллюстрации, 17	2	[{"changed": {"fields": ["data"]}}]	8	1
1080	2025-02-24 16:37:42.147307+00	29	Приложение В. Расчет общего физического износа здания, 18	2	[{"changed": {"fields": ["data"]}}]	8	1
1081	2025-02-24 16:49:28.5508+00	909	spoural - Лечебная 20	3		7	1
1083	2025-02-24 16:49:28.550897+00	907	spoural - Лечебная 20	3		7	1
1084	2025-02-24 16:49:28.550922+00	906	spoural - Лечебная 20	3		7	1
1085	2025-02-24 16:49:28.550945+00	905	spoural - Лечебная 20	3		7	1
1086	2025-02-24 16:49:28.550969+00	904	spoural - Лечебная 20	3		7	1
1087	2025-02-24 16:49:28.550991+00	903	spoural - Лечебная 20	3		7	1
1088	2025-02-24 16:49:28.551012+00	902	spoural - Лечебная 20	3		7	1
1089	2025-02-24 16:49:28.551033+00	901	spoural - Лечебная 20	3		7	1
1090	2025-02-24 16:49:28.551053+00	900	spoural - Лечебная 20	3		7	1
1091	2025-02-24 16:49:28.551074+00	899	spoural - Лечебная 20	3		7	1
1092	2025-02-24 16:49:28.551095+00	898	spoural - Лечебная 20	3		7	1
1093	2025-02-24 16:49:28.551115+00	897	spoural - Лечебная 20	3		7	1
1094	2025-02-24 16:49:28.551136+00	896	spoural - Лечебная 20	3		7	1
1095	2025-02-24 16:49:28.551156+00	895	spoural - Лечебная 20	3		7	1
1096	2025-02-24 16:49:28.551176+00	894	spoural - Лечебная 20	3		7	1
1097	2025-02-24 16:49:28.551197+00	893	spoural - Лечебная 20	3		7	1
1098	2025-02-24 16:49:28.551218+00	892	spoural - Лечебная 20	3		7	1
1099	2025-02-24 16:49:28.551238+00	891	spoural - Лечебная 20	3		7	1
1100	2025-02-26 09:11:58.21447+00	21	Дефекты и рекомендации, 11	2	[{"changed": {"fields": ["data"]}}]	8	1
1101	2025-02-26 09:41:54.810072+00	21	Дефекты и рекомендации, 11	2	[{"changed": {"fields": ["data"]}}]	8	1
\.


--
-- Data for Name: django_content_type; Type: TABLE DATA; Schema: public; Owner: spoural
--

COPY public.django_content_type (id, app_label, model) FROM stdin;
1	admin	logentry
2	auth	permission
3	auth	group
4	auth	user
5	contenttypes	contenttype
6	sessions	session
7	user	userdata
8	excel_app	sheet
9	user	userinput
10	excel_app	constructiontypes
11	excel_app	materials
12	excel_app	recommendations
13	excel_app	defects
14	excel_app	fields
15	user	userdatafile
\.


--
-- Data for Name: django_migrations; Type: TABLE DATA; Schema: public; Owner: spoural
--

COPY public.django_migrations (id, app, name, applied) FROM stdin;
1	contenttypes	0001_initial	2024-10-09 22:05:33.208135+00
2	auth	0001_initial	2024-10-09 22:05:34.111776+00
3	admin	0001_initial	2024-10-09 22:05:34.35499+00
4	admin	0002_logentry_remove_auto_add	2024-10-09 22:05:34.388071+00
5	admin	0003_logentry_add_action_flag_choices	2024-10-09 22:05:34.478712+00
6	contenttypes	0002_remove_content_type_name	2024-10-09 22:05:34.661171+00
7	auth	0002_alter_permission_name_max_length	2024-10-09 22:05:34.781068+00
8	auth	0003_alter_user_email_max_length	2024-10-09 22:05:34.902648+00
9	auth	0004_alter_user_username_opts	2024-10-09 22:05:34.964645+00
10	auth	0005_alter_user_last_login_null	2024-10-09 22:05:35.112813+00
11	auth	0006_require_contenttypes_0002	2024-10-09 22:05:35.172115+00
12	auth	0007_alter_validators_add_error_messages	2024-10-09 22:05:35.263915+00
13	auth	0008_alter_user_username_max_length	2024-10-09 22:05:35.416082+00
14	auth	0009_alter_user_last_name_max_length	2024-10-09 22:05:35.536277+00
15	auth	0010_alter_group_name_max_length	2024-10-09 22:05:35.657474+00
16	auth	0011_update_proxy_permissions	2024-10-09 22:05:35.719007+00
17	auth	0012_alter_user_first_name_max_length	2024-10-09 22:05:35.867971+00
18	sessions	0001_initial	2024-10-09 22:05:36.076757+00
19	user	0001_initial	2024-10-09 22:05:36.260135+00
20	user	0002_userdata_date_created_userdata_isready	2024-10-14 16:45:51.371449+00
21	excel_app	0001_initial	2024-10-14 18:06:49.712402+00
22	excel_app	0002_remove_sheet_data	2024-10-14 18:53:02.680674+00
23	excel_app	0003_sheet_data	2024-10-14 18:56:46.547756+00
24	excel_app	0004_defects_recommendations_materials_constructiontypes_and_more	2024-10-20 07:26:03.221014+00
25	user	0003_userinput	2024-10-20 07:26:04.24177+00
26	user	0004_alter_userinput_mask	2024-10-24 09:31:47.410529+00
27	excel_app	0005_remove_materials_defects_materials_defects	2024-10-24 09:41:34.736318+00
28	excel_app	0006_remove_constructiontypes_material_and_more	2024-10-24 09:42:23.883718+00
29	excel_app	0007_materials_recommendations	2024-10-24 09:47:43.668768+00
30	excel_app	0008_alter_materials_defects_and_more	2024-10-24 09:53:21.698254+00
31	excel_app	0009_alter_materials_defects_and_more	2024-10-24 10:06:23.099141+00
32	user	0005_userinput_settings	2024-10-24 10:12:46.591014+00
33	user	0006_alter_userinput_mask	2024-11-03 10:52:36.163186+00
34	excel_app	0010_alter_constructiontypes_options_and_more	2024-11-06 13:58:21.536624+00
35	user	0007_alter_userdata_options_alter_userinput_options_and_more	2024-11-06 13:58:21.920302+00
36	excel_app	0011_fields	2024-11-06 14:58:06.475141+00
37	excel_app	0012_alter_fields_type	2024-11-09 09:50:29.432794+00
38	user	0008_alter_userinput_mask_alter_userinput_placeholder	2024-11-09 15:34:33.605859+00
39	user	0009_alter_userinput_mask_alter_userinput_placeholder	2024-11-09 15:39:01.312004+00
40	excel_app	0013_alter_fields_mask_alter_fields_placeholder	2024-11-09 15:44:10.671525+00
41	excel_app	0014_alter_sheet_countcell	2024-11-10 11:47:38.905472+00
42	user	0010_userdata_file_name	2024-11-10 15:34:30.152271+00
43	user	0011_delete_userinput	2024-11-10 19:34:11.003643+00
44	excel_app	0015_fields_position_fields_step	2024-11-10 20:34:19.960425+00
45	excel_app	0016_fields_required	2024-11-22 16:27:09.443163+00
46	excel_app	0017_sheet_section_sheet_subsection	2024-12-10 11:29:44.478512+00
47	user	0012_alter_userdata_date_created	2024-12-10 11:29:45.265895+00
48	excel_app	0018_rename_subsection_sheet_subsections	2024-12-10 11:34:46.347362+00
49	excel_app	0019_alter_sheet_subsections	2024-12-10 11:40:44.716266+00
50	excel_app	0020_sheet_contentsection	2024-12-10 14:14:52.575884+00
51	excel_app	0021_alter_fields_type	2024-12-18 17:57:17.643877+00
52	user	0013_rename_date_created_userdata_datecreated_and_more	2025-01-18 12:57:40.062292+00
53	user	0014_userdatafile	2025-01-21 13:43:14.626939+00
54	user	0015_alter_userdatafile_options	2025-01-27 15:59:35.707173+00
55	excel_app	0022_alter_defects_recommendations_and_more	2025-01-30 17:17:02.499368+00
56	excel_app	0023_alter_defects_recommendations	2025-01-30 18:03:55.207998+00
57	excel_app	0024_alter_defects_recommendations	2025-01-30 18:04:00.31076+00
58	excel_app	0025_alter_defects_recommendations	2025-01-30 18:12:43.312321+00
59	excel_app	0026_sheet_files	2025-02-06 18:16:27.914873+00
60	user	0016_userdata_reportname	2025-02-18 15:26:24.488073+00
61	user	0017_userdata_uniqueid_alter_userdata_datecreated	2025-02-18 16:58:00.017181+00
62	excel_app	0027_alter_defects_recommendations	2025-02-24 12:01:37.941846+00
63	excel_app	0028_alter_defects_recommendations	2025-02-26 12:32:16.828392+00
64	excel_app	0029_alter_defects_recommendations	2025-02-26 12:36:11.84267+00
\.


--
-- Data for Name: django_session; Type: TABLE DATA; Schema: public; Owner: spoural
--

COPY public.django_session (session_key, session_data, expire_date) FROM stdin;
dgagdk899qat9pkibgqobqx9ec6duvkm	.eJxVjEEOwiAQRe_C2hAKDjN16b5nIAMMUjVtUtqV8e7apAvd_vfef6nA21rD1mQJY1YX1anT7xY5PWTaQb7zdJt1mqd1GaPeFX3Qpoc5y_N6uH8HlVv91iSWDMaOiBzH7IrzApCgoINIhnoEKAYNCLLkLIbOqQdfkKxnBKveH83pNzo:1syeoo:hx_iavFATbrwayrDgv3lVuY84gIrNj6LSiDuMVm7aWE	2024-10-23 22:06:06.444114+00
gqe2oyipab5z2lbb9u22vzeoygona2lo	.eJxVjEEOwiAQRe_C2hAKDjN16b5nIAMMUjVtUtqV8e7apAvd_vfef6nA21rD1mQJY1YX1anT7xY5PWTaQb7zdJt1mqd1GaPeFX3Qpoc5y_N6uH8HlVv91iSWDMaOiBzH7IrzApCgoINIhnoEKAYNCLLkLIbOqQdfkKxnBKveH83pNzo:1syesG:Pd2tR44OkSIpeWYc48LS_bfsjvLkgyLMo6YbFODXo0s	2024-10-23 22:09:40.319567+00
baf66i7igx74ew5jj3hrb5hfcxpx7qcv	.eJxVjEEOwiAQRe_C2hAKDjN16b5nIAMMUjVtUtqV8e7apAvd_vfef6nA21rD1mQJY1YX1anT7xY5PWTaQb7zdJt1mqd1GaPeFX3Qpoc5y_N6uH8HlVv91iSWDMaOiBzH7IrzApCgoINIhnoEKAYNCLLkLIbOqQdfkKxnBKveH83pNzo:1syuFu:ZAURrBOvquFZQMZXSurMiZl49LZU7h32dqEYA6geBKM	2024-10-24 14:35:06.593693+00
gk6cy4a58y031nc5p0ir1rieny5czno5	.eJxVjEEOwiAQRe_C2hAKDjN16b5nIAMMUjVtUtqV8e7apAvd_vfef6nA21rD1mQJY1YX1anT7xY5PWTaQb7zdJt1mqd1GaPeFX3Qpoc5y_N6uH8HlVv91iSWDMaOiBzH7IrzApCgoINIhnoEKAYNCLLkLIbOqQdfkKxnBKveH83pNzo:1t0NGa:_Yka1U95lF-1przMr5V8kkb8BcZIzLRAAFQTvQAOlu8	2024-10-28 15:45:52.571225+00
fmpor2g02wf2ego8om86bfbygd8ku2ph	.eJxVjEEOwiAQRe_C2hAKDjN16b5nIAMMUjVtUtqV8e7apAvd_vfef6nA21rD1mQJY1YX1anT7xY5PWTaQb7zdJt1mqd1GaPeFX3Qpoc5y_N6uH8HlVv91iSWDMaOiBzH7IrzApCgoINIhnoEKAYNCLLkLIbOqQdfkKxnBKveH83pNzo:1t0PHM:a1zQ3VSwVcsSfigcto1s3rzGCwQuCDQy96Pk5v5R4Jw	2024-10-28 17:54:48.87799+00
6mosahvn1jaf2us3kv2wz89jbtezz0nn	.eJxVjEEOwiAQRe_C2hAKDjN16b5nIAMMUjVtUtqV8e7apAvd_vfef6nA21rD1mQJY1YX1anT7xY5PWTaQb7zdJt1mqd1GaPeFX3Qpoc5y_N6uH8HlVv91iSWDMaOiBzH7IrzApCgoINIhnoEKAYNCLLkLIbOqQdfkKxnBKveH83pNzo:1t0Pip:vzSDa-cKA1KrRj62nA0c7xWqaMU_ga8SctN5NcmUP0g	2024-10-28 18:23:11.935268+00
bw1bpdyt9y3qel1u1j6ben8u7b00fjlj	.eJxVjEEOwiAQRe_C2hAKDjN16b5nIAMMUjVtUtqV8e7apAvd_vfef6nA21rD1mQJY1YX1anT7xY5PWTaQb7zdJt1mqd1GaPeFX3Qpoc5y_N6uH8HlVv91iSWDMaOiBzH7IrzApCgoINIhnoEKAYNCLLkLIbOqQdfkKxnBKveH83pNzo:1t6ZGI:QrMqXxW5XVMgudeeP3jD1w6J_RtW-wWSdrjnIokZ3dw	2024-11-14 17:47:10.29291+00
xdov29cqvrhlnzv8we4t1l9hyi5xylun	.eJxVjEEOwiAQRe_C2hAKDjN16b5nIAMMUjVtUtqV8e7apAvd_vfef6nA21rD1mQJY1YX1anT7xY5PWTaQb7zdJt1mqd1GaPeFX3Qpoc5y_N6uH8HlVv91iSWDMaOiBzH7IrzApCgoINIhnoEKAYNCLLkLIbOqQdfkKxnBKveH83pNzo:1t6ZRa:iQXbdOQaB5TD_qkqq9shegaqMD37PeQIdTEVZgy8HSk	2024-11-14 17:58:50.74973+00
28qg5tv35kahujph2bgzncgj9qubq4g6	.eJxVjEEOwiAQRe_C2hAKDjN16b5nIAMMUjVtUtqV8e7apAvd_vfef6nA21rD1mQJY1YX1anT7xY5PWTaQb7zdJt1mqd1GaPeFX3Qpoc5y_N6uH8HlVv91iSWDMaOiBzH7IrzApCgoINIhnoEKAYNCLLkLIbOqQdfkKxnBKveH83pNzo:1t7u93:-Hazg4HPYlFCw3HIJP2kKjZUwiH8PgC8_FQuB8K8NRk	2024-11-18 10:17:13.707991+00
a24tpy24hcjq9caeodskgav5hfmktml5	.eJxVjEEOwiAQRe_C2hAKDjN16b5nIAMMUjVtUtqV8e7apAvd_vfef6nA21rD1mQJY1YX1anT7xY5PWTaQb7zdJt1mqd1GaPeFX3Qpoc5y_N6uH8HlVv91iSWDMaOiBzH7IrzApCgoINIhnoEKAYNCLLkLIbOqQdfkKxnBKveH83pNzo:1t8aoi:sKsd9rolTb8WEcdAL7bHd7pdAf4TYPKYORB0xOJLpO8	2024-11-20 07:51:04.781718+00
446z98cprz8854jq6qjobhtzstzhevt6	.eJxVjEEOwiAQRe_C2hAKDjN16b5nIAMMUjVtUtqV8e7apAvd_vfef6nA21rD1mQJY1YX1anT7xY5PWTaQb7zdJt1mqd1GaPeFX3Qpoc5y_N6uH8HlVv91iSWDMaOiBzH7IrzApCgoINIhnoEKAYNCLLkLIbOqQdfkKxnBKveH83pNzo:1t8gt2:BWtHmR22_eZ3m1a2-j0Rj99HSwLD_uq38E5cP_4OS6w	2024-11-20 14:19:56.176747+00
olfki7uz7fme7geutqmfy7jdx4ubf9pm	.eJxVjEEOwiAQRe_C2hAKDjN16b5nIAMMUjVtUtqV8e7apAvd_vfef6nA21rD1mQJY1YX1anT7xY5PWTaQb7zdJt1mqd1GaPeFX3Qpoc5y_N6uH8HlVv91iSWDMaOiBzH7IrzApCgoINIhnoEKAYNCLLkLIbOqQdfkKxnBKveH83pNzo:1t8i7A:_swJk-vT59mwNR9nR8HMBnLxbWf74WdQ7SE_QTX3H9A	2024-11-20 15:38:36.918264+00
eipedqd9v9xxoxmstvq32hzm1dzzbfnu	.eJxVjEEOwiAQRe_C2hAKDjN16b5nIAMMUjVtUtqV8e7apAvd_vfef6nA21rD1mQJY1YX1anT7xY5PWTaQb7zdJt1mqd1GaPeFX3Qpoc5y_N6uH8HlVv91iSWDMaOiBzH7IrzApCgoINIhnoEKAYNCLLkLIbOqQdfkKxnBKveH83pNzo:1tA6DE:un-h9cOTFjvczWhJGUWK251CbCg9qQkAzTd_OzxfhnI	2024-11-24 11:34:36.2231+00
otxi4on9c7zd6iausloxn8or4zpvs5n5	.eJxVjEEOwiAQRe_C2hAKDjN16b5nIAMMUjVtUtqV8e7apAvd_vfef6nA21rD1mQJY1YX1anT7xY5PWTaQb7zdJt1mqd1GaPeFX3Qpoc5y_N6uH8HlVv91iSWDMaOiBzH7IrzApCgoINIhnoEKAYNCLLkLIbOqQdfkKxnBKveH83pNzo:1tDKE9:mS990fEI0EQZ9nh0xlVAtIea-At4oIk4i1aq8e3yndM	2024-12-03 09:08:53.323992+00
4048xbryas558ihi0htrgqjsxwghyxua	.eJxVjEEOwiAQRe_C2hAKDjN16b5nIAMMUjVtUtqV8e7apAvd_vfef6nA21rD1mQJY1YX1anT7xY5PWTaQb7zdJt1mqd1GaPeFX3Qpoc5y_N6uH8HlVv91iSWDMaOiBzH7IrzApCgoINIhnoEKAYNCLLkLIbOqQdfkKxnBKveH83pNzo:1tDKFq:elHC1WdShHRF5bKNfCww-UpwDPAcuijwn_StzyAVTfc	2024-12-03 09:10:38.953199+00
sp1tsjjmj13rjsenm5ts624ito4l9a7l	.eJxVjEEOwiAQRe_C2hAKDjN16b5nIAMMUjVtUtqV8e7apAvd_vfef6nA21rD1mQJY1YX1anT7xY5PWTaQb7zdJt1mqd1GaPeFX3Qpoc5y_N6uH8HlVv91iSWDMaOiBzH7IrzApCgoINIhnoEKAYNCLLkLIbOqQdfkKxnBKveH83pNzo:1tDk1V:IQPmbBywsyF1ezBesliqEoKYeTN6uS6o7P1oOMDYBfw	2024-12-04 12:41:33.891401+00
6dx5vgmvllig6gpkvlf9y4syxgjhuqoo	.eJxVjEEOwiAQRe_C2hAKDjN16b5nIAMMUjVtUtqV8e7apAvd_vfef6nA21rD1mQJY1YX1anT7xY5PWTaQb7zdJt1mqd1GaPeFX3Qpoc5y_N6uH8HlVv91iSWDMaOiBzH7IrzApCgoINIhnoEKAYNCLLkLIbOqQdfkKxnBKveH83pNzo:1tEVhs:myigKMmJVYVVqq-pqpza4hoM1yInKnVVj7qVjjsUk6Y	2024-12-06 15:36:28.111881+00
4ldhj2tryr5sxnvm4sepqvcbjjkbyzo8	.eJxVjEEOwiAQRe_C2hAKDjN16b5nIAMMUjVtUtqV8e7apAvd_vfef6nA21rD1mQJY1YX1anT7xY5PWTaQb7zdJt1mqd1GaPeFX3Qpoc5y_N6uH8HlVv91iSWDMaOiBzH7IrzApCgoINIhnoEKAYNCLLkLIbOqQdfkKxnBKveH83pNzo:1tEcjj:gcayUuB4luzokP5aL74sRjGiP6gVbb5eObg7sQzIsKE	2024-12-06 23:06:51.891859+00
fgz9spm80k5tsmj245y3h04f7rg38nhu	.eJxVjEEOwiAQRe_C2hAKDjN16b5nIAMMUjVtUtqV8e7apAvd_vfef6nA21rD1mQJY1YX1anT7xY5PWTaQb7zdJt1mqd1GaPeFX3Qpoc5y_N6uH8HlVv91iSWDMaOiBzH7IrzApCgoINIhnoEKAYNCLLkLIbOqQdfkKxnBKveH83pNzo:1tG0dO:kEdu1LGDNt9lOvF7_fWCgss13JwciFsLbIaSyeV0dfA	2024-12-10 18:50:02.547024+00
na2amphxzpqws2nwme7q8d18ywp8384s	.eJxVjEEOwiAQRe_C2hAKDjN16b5nIAMMUjVtUtqV8e7apAvd_vfef6nA21rD1mQJY1YX1anT7xY5PWTaQb7zdJt1mqd1GaPeFX3Qpoc5y_N6uH8HlVv91iSWDMaOiBzH7IrzApCgoINIhnoEKAYNCLLkLIbOqQdfkKxnBKveH83pNzo:1tIoAw:D8f0II9-kKwhKEb9fqZl7eLv6FOV4B4bIv5WzNdQLb0	2024-12-18 12:08:14.202289+00
t57w0k92h7joo2aoyxrnkjenasaea32l	.eJxVjEEOwiAQRe_C2hAKDjN16b5nIAMMUjVtUtqV8e7apAvd_vfef6nA21rD1mQJY1YX1anT7xY5PWTaQb7zdJt1mqd1GaPeFX3Qpoc5y_N6uH8HlVv91iSWDMaOiBzH7IrzApCgoINIhnoEKAYNCLLkLIbOqQdfkKxnBKveH83pNzo:1tIoSD:AkC4LWE5OO3sCKq_uxhjNKq2QZEKzdgL8NSJr1Kcoy8	2024-12-18 12:26:05.314513+00
ranwfgpkx3s95yrco3klo48lptmbxz60	.eJxVjEEOwiAQRe_C2hAKDjN16b5nIAMMUjVtUtqV8e7apAvd_vfef6nA21rD1mQJY1YX1anT7xY5PWTaQb7zdJt1mqd1GaPeFX3Qpoc5y_N6uH8HlVv91iSWDMaOiBzH7IrzApCgoINIhnoEKAYNCLLkLIbOqQdfkKxnBKveH83pNzo:1tIpe6:l5d2AEeisfHSzsbPFWdNxYMvTonpeXFC5ZjYEVE_UA8	2024-12-18 13:42:26.559481+00
5722z6h4gc5e1h7w0b7hc3tgnjvyvgsk	.eJxVjEEOwiAQRe_C2hAKDjN16b5nIAMMUjVtUtqV8e7apAvd_vfef6nA21rD1mQJY1YX1anT7xY5PWTaQb7zdJt1mqd1GaPeFX3Qpoc5y_N6uH8HlVv91iSWDMaOiBzH7IrzApCgoINIhnoEKAYNCLLkLIbOqQdfkKxnBKveH83pNzo:1tKfdj:rSiLDid8b99wLbCc0PacbMXINTA2cxh7aZEpyI7jvxY	2024-12-23 15:25:39.401038+00
t5qusb9jo3hem2s91gmej4a47dq4azst	.eJxVjEEOwiAQRe_C2hAKDjN16b5nIAMMUjVtUtqV8e7apAvd_vfef6nA21rD1mQJY1YX1anT7xY5PWTaQb7zdJt1mqd1GaPeFX3Qpoc5y_N6uH8HlVv91iSWDMaOiBzH7IrzApCgoINIhnoEKAYNCLLkLIbOqQdfkKxnBKveH83pNzo:1tLkKH:7I3Chz7TBXLpAqeYicCE1ZnrT_aSHJltttjr7W62BF8	2024-12-26 14:38:01.611508+00
n3beaneshpusdr6hzsgx1bc3wrrj2hj0	.eJxVjEEOwiAQRe_C2hAKDjN16b5nIAMMUjVtUtqV8e7apAvd_vfef6nA21rD1mQJY1YX1anT7xY5PWTaQb7zdJt1mqd1GaPeFX3Qpoc5y_N6uH8HlVv91iSWDMaOiBzH7IrzApCgoINIhnoEKAYNCLLkLIbOqQdfkKxnBKveH83pNzo:1tNvSD:eCgbP0lbO6TBg9BSI-vS5clMDp7pZdHpxrf-9EMo_pQ	2025-01-01 14:55:13.895485+00
ggy1cfvr706fpg2a80jsoideqio8d4ig	.eJxVjEEOwiAQRe_C2hAKDjN16b5nIAMMUjVtUtqV8e7apAvd_vfef6nA21rD1mQJY1YX1anT7xY5PWTaQb7zdJt1mqd1GaPeFX3Qpoc5y_N6uH8HlVv91iSWDMaOiBzH7IrzApCgoINIhnoEKAYNCLLkLIbOqQdfkKxnBKveH83pNzo:1tNy4j:K84weXM4Redx3nVXB9vqWmsTmcvzWJtg7XX3kMg0UR0	2025-01-01 17:43:09.957348+00
2a5ehjtt4iyvnwio6t054ebaa4rdyzsf	.eJxVjEEOwiAQRe_C2hAKDjN16b5nIAMMUjVtUtqV8e7apAvd_vfef6nA21rD1mQJY1YX1anT7xY5PWTaQb7zdJt1mqd1GaPeFX3Qpoc5y_N6uH8HlVv91iSWDMaOiBzH7IrzApCgoINIhnoEKAYNCLLkLIbOqQdfkKxnBKveH83pNzo:1tQ4Ne:Dn9mOUQAm_F0SqOTadsGHEoJlbsAdbcKzqEZMQe7nTA	2025-01-07 12:51:22.709797+00
v5iolxi5f1mqq3a6ferj5ldbtqkfi4ai	.eJxVjEEOwiAQRe_C2hAKDjN16b5nIAMMUjVtUtqV8e7apAvd_vfef6nA21rD1mQJY1YX1anT7xY5PWTaQb7zdJt1mqd1GaPeFX3Qpoc5y_N6uH8HlVv91iSWDMaOiBzH7IrzApCgoINIhnoEKAYNCLLkLIbOqQdfkKxnBKveH83pNzo:1tTh9w:X_vgLjhkafyj_cBRK7xHMsRnRvKhMv65P7Aw4Dh23Oo	2025-01-17 12:52:12.577673+00
jct0zxxdbitf9rht7591ca2zbj91qnsb	.eJxVjEEOwiAQRe_C2hAKDjN16b5nIAMMUjVtUtqV8e7apAvd_vfef6nA21rD1mQJY1YX1anT7xY5PWTaQb7zdJt1mqd1GaPeFX3Qpoc5y_N6uH8HlVv91iSWDMaOiBzH7IrzApCgoINIhnoEKAYNCLLkLIbOqQdfkKxnBKveH83pNzo:1tUR5o:WITmu48auj5vRVKFvbDS7zxD4bN-GwfykoAHFYgn5pY	2025-01-19 13:55:00.061161+00
5dtnvu3jmrxaut2juvm54prfizveo4zf	.eJxVjEEOwiAQRe_C2hAKDjN16b5nIAMMUjVtUtqV8e7apAvd_vfef6nA21rD1mQJY1YX1anT7xY5PWTaQb7zdJt1mqd1GaPeFX3Qpoc5y_N6uH8HlVv91iSWDMaOiBzH7IrzApCgoINIhnoEKAYNCLLkLIbOqQdfkKxnBKveH83pNzo:1tUkqX:IalSFyhyFgMsJZCx7Gcv17nt5MtKfGdwyyiK76g9XfE	2025-01-20 11:00:33.308791+00
4fn7js80rdks8z5kzu57d4kgusfvcw58	.eJxVjEEOwiAQRe_C2hAKDjN16b5nIAMMUjVtUtqV8e7apAvd_vfef6nA21rD1mQJY1YX1anT7xY5PWTaQb7zdJt1mqd1GaPeFX3Qpoc5y_N6uH8HlVv91iSWDMaOiBzH7IrzApCgoINIhnoEKAYNCLLkLIbOqQdfkKxnBKveH83pNzo:1tVUxn:bxYfNPyTotQYQ2Bj_Eh-SeXpXKHjfYDcX7auvPrmT38	2025-01-22 12:15:07.089832+00
zxbqcgo11akjp893pht6xjgdwgidnrrt	.eJxVjEEOwiAQRe_C2hAKDjN16b5nIAMMUjVtUtqV8e7apAvd_vfef6nA21rD1mQJY1YX1anT7xY5PWTaQb7zdJt1mqd1GaPeFX3Qpoc5y_N6uH8HlVv91iSWDMaOiBzH7IrzApCgoINIhnoEKAYNCLLkLIbOqQdfkKxnBKveH83pNzo:1tYBGA:yG3tsnD6KPkYtyitfPnpDAnZLIuKA2dg7Rhz7nfo6Rg	2025-01-29 21:49:10.518393+00
490o7gguf6gaqc1j0dvuscbklm9qmzc1	.eJxVjEEOwiAQRe_C2hAKDjN16b5nIAMMUjVtUtqV8e7apAvd_vfef6nA21rD1mQJY1YX1anT7xY5PWTaQb7zdJt1mqd1GaPeFX3Qpoc5y_N6uH8HlVv91iSWDMaOiBzH7IrzApCgoINIhnoEKAYNCLLkLIbOqQdfkKxnBKveH83pNzo:1tZ7S9:rPq1HRhQelKpPVRWKUmdtkBvpyeXiU3TQ6UPudtmqpo	2025-02-01 11:57:25.735147+00
8hmin8e7noiq3vxe8j2hbgxejgl5ci2q	.eJxVjEEOwiAQRe_C2hAKDjN16b5nIAMMUjVtUtqV8e7apAvd_vfef6nA21rD1mQJY1YX1anT7xY5PWTaQb7zdJt1mqd1GaPeFX3Qpoc5y_N6uH8HlVv91iSWDMaOiBzH7IrzApCgoINIhnoEKAYNCLLkLIbOqQdfkKxnBKveH83pNzo:1tZTj5:oWWio-LD4mYegvqxgEVFpq8IQtV2TilfBsGYngJQR14	2025-02-02 11:44:23.378314+00
plhynmrvsgl7hngl5vv3alns7zs2zfn5	.eJxVjEEOwiAQRe_C2hAKDjN16b5nIAMMUjVtUtqV8e7apAvd_vfef6nA21rD1mQJY1YX1anT7xY5PWTaQb7zdJt1mqd1GaPeFX3Qpoc5y_N6uH8HlVv91iSWDMaOiBzH7IrzApCgoINIhnoEKAYNCLLkLIbOqQdfkKxnBKveH83pNzo:1tZbNV:O2cf-EWCKq5mmjZkVQbscr94wiEzCbweqIWk2wFAqUM	2025-02-02 19:54:37.723613+00
xagqctfn548jeeseo2cc7eq1sp18k5ma	.eJxVjEEOwiAQRe_C2hAKDjN16b5nIAMMUjVtUtqV8e7apAvd_vfef6nA21rD1mQJY1YX1anT7xY5PWTaQb7zdJt1mqd1GaPeFX3Qpoc5y_N6uH8HlVv91iSWDMaOiBzH7IrzApCgoINIhnoEKAYNCLLkLIbOqQdfkKxnBKveH83pNzo:1taapx:iPg5NeCa49GypkeqIz4i6acYH98L_imcmawzBsWwrLM	2025-02-05 13:32:05.978516+00
jvgqioi6lbcdj0wjw16j7kg9kxu9qsbo	.eJxVjEEOwiAQRe_C2hAKDjN16b5nIAMMUjVtUtqV8e7apAvd_vfef6nA21rD1mQJY1YX1anT7xY5PWTaQb7zdJt1mqd1GaPeFX3Qpoc5y_N6uH8HlVv91iSWDMaOiBzH7IrzApCgoINIhnoEKAYNCLLkLIbOqQdfkKxnBKveH83pNzo:1teFB3:NmEs3s5WnQlHVkmH2xg_gcdQ8lR_k1Z1fAylyvJdNP0	2025-02-15 15:12:57.568572+00
k2aapte41hrxh98r7lu8zloex4tzm76o	.eJxVjEEOwiAQRe_C2hAKDjN16b5nIAMMUjVtUtqV8e7apAvd_vfef6nA21rD1mQJY1YX1anT7xY5PWTaQb7zdJt1mqd1GaPeFX3Qpoc5y_N6uH8HlVv91iSWDMaOiBzH7IrzApCgoINIhnoEKAYNCLLkLIbOqQdfkKxnBKveH83pNzo:1teeW2:qdDkbw9WrzLaG1lJ4K01r56kWq-sYRACqQuD9W5Cv18	2025-02-16 18:16:18.823288+00
k2cid1b24vwcl3zdot5tzkhf6zq2rain	.eJxVjEEOwiAQRe_C2hAKDjN16b5nIAMMUjVtUtqV8e7apAvd_vfef6nA21rD1mQJY1YX1anT7xY5PWTaQb7zdJt1mqd1GaPeFX3Qpoc5y_N6uH8HlVv91iSWDMaOiBzH7IrzApCgoINIhnoEKAYNCLLkLIbOqQdfkKxnBKveH83pNzo:1tfGns:1iEtSUys6tJEiIF_dFoYz6tF05Dm3ZOlHrCnkCPuiGc	2025-02-18 11:09:16.274057+00
sjn6si0rpjenkxfjyenkzkfkxhguzxro	.eJxVjEEOwiAQRe_C2hAKDjN16b5nIAMMUjVtUtqV8e7apAvd_vfef6nA21rD1mQJY1YX1anT7xY5PWTaQb7zdJt1mqd1GaPeFX3Qpoc5y_N6uH8HlVv91iSWDMaOiBzH7IrzApCgoINIhnoEKAYNCLLkLIbOqQdfkKxnBKveH83pNzo:1tg5D0:FH8bWLToYfGO9heVXBvW_OM5qyJ65YbqOjgoOvYvULA	2025-02-20 16:58:34.60611+00
rdvbulr2idmq5et8f0np4vix94ivwol8	.eJxVjEEOwiAQRe_C2hAKDjN16b5nIAMMUjVtUtqV8e7apAvd_vfef6nA21rD1mQJY1YX1anT7xY5PWTaQb7zdJt1mqd1GaPeFX3Qpoc5y_N6uH8HlVv91iSWDMaOiBzH7IrzApCgoINIhnoEKAYNCLLkLIbOqQdfkKxnBKveH83pNzo:1thX0i:suG9c0WesLMhlUYkx2yf6Iqig_bwwNSR1JlbR6xjUBU	2025-02-24 16:51:52.643841+00
7qsxi76a6vfv315htpz0pu2o4rdo0mc7	.eJxVjEEOwiAQRe_C2hAKDjN16b5nIAMMUjVtUtqV8e7apAvd_vfef6nA21rD1mQJY1YX1anT7xY5PWTaQb7zdJt1mqd1GaPeFX3Qpoc5y_N6uH8HlVv91iSWDMaOiBzH7IrzApCgoINIhnoEKAYNCLLkLIbOqQdfkKxnBKveH83pNzo:1tk1sc:3WcLT2GhR4KOE6klS9AvlgCMgcSoIG43dyyARCLA_3A	2025-03-03 14:13:50.321342+00
2wlzcjpndas64n9hvcsun7e3ol38ejxu	.eJxVjEEOwiAQRe_C2hAKDjN16b5nIAMMUjVtUtqV8e7apAvd_vfef6nA21rD1mQJY1YX1anT7xY5PWTaQb7zdJt1mqd1GaPeFX3Qpoc5y_N6uH8HlVv91iSWDMaOiBzH7IrzApCgoINIhnoEKAYNCLLkLIbOqQdfkKxnBKveH83pNzo:1tkNSH:0zhtKEMkSvZ1X4DvMsVBG8RVZJwL5FY0cQjAniC2Bto	2025-03-04 13:16:05.458093+00
b3vnzo6wifud9hgovfm2rsfaenoe44sn	.eJxVjEEOwiAQRe_C2hAKDjN16b5nIAMMUjVtUtqV8e7apAvd_vfef6nA21rD1mQJY1YX1anT7xY5PWTaQb7zdJt1mqd1GaPeFX3Qpoc5y_N6uH8HlVv91iSWDMaOiBzH7IrzApCgoINIhnoEKAYNCLLkLIbOqQdfkKxnBKveH83pNzo:1tlTN3:Ehkz-q9WDutxEh5WoNRgvFWFnEdSLzjy0dd4Bw6VMhk	2025-03-07 13:47:13.265256+00
1x7t2ae2lkreilvuctpw8ru7clayrwff	.eJxVjEEOwiAQRe_C2hAKDjN16b5nIAMMUjVtUtqV8e7apAvd_vfef6nA21rD1mQJY1YX1anT7xY5PWTaQb7zdJt1mqd1GaPeFX3Qpoc5y_N6uH8HlVv91iSWDMaOiBzH7IrzApCgoINIhnoEKAYNCLLkLIbOqQdfkKxnBKveH83pNzo:1tlUPY:UbasJH9mKUy9PtLsHSOBOr449OBRYrBqIw3Ekar25Sg	2025-03-07 14:53:52.969215+00
xing1qutwscw3sx5x82ifnyzbd40yh1w	.eJxVjEEOwiAQRe_C2hAKDjN16b5nIAMMUjVtUtqV8e7apAvd_vfef6nA21rD1mQJY1YX1anT7xY5PWTaQb7zdJt1mqd1GaPeFX3Qpoc5y_N6uH8HlVv91iSWDMaOiBzH7IrzApCgoINIhnoEKAYNCLLkLIbOqQdfkKxnBKveH83pNzo:1tnDRx:MerFqRCEwo_jEF_nm1B48VNKXh-9jehKZRaI7900FQs	2025-03-12 09:11:29.663356+00
\.


--
-- Data for Name: excel_app_constructiontypes; Type: TABLE DATA; Schema: public; Owner: spoural
--

COPY public.excel_app_constructiontypes (id, name) FROM stdin;
4	Фундамент
\.


--
-- Data for Name: excel_app_constructiontypes_material; Type: TABLE DATA; Schema: public; Owner: spoural
--

COPY public.excel_app_constructiontypes_material (id, constructiontypes_id, materials_id) FROM stdin;
225	4	12
234	4	13
244	4	14
254	4	15
266	4	16
\.


--
-- Data for Name: excel_app_defects; Type: TABLE DATA; Schema: public; Owner: spoural
--

COPY public.excel_app_defects (id, name, recommendations_id) FROM stdin;
53	Отдельные глубокие трещины	Укрепление кладки фундамента местами
54	Следы увлажнения цоколя и стен	Ремонт горизонтальной изоляции фундамента
55	Выпучивание полов и стен подвала	Устройство горизонтальных поясов жесткости
57	Выпучивание и заметное искривление цоколя	Усиление или замена отдельных участков фундамента
58	Мелкие трещины в цоколе и под окнами первого этажа	Укрепление кладки фундамента местами
59	Значительное выпирание грунта и разрушение стен подвала	Полная замена фундаментов
60	Сквозные трещины в цоколе, с развитием на всю высоту здания	Усиление или замена отдельных участков фундамента
61	Массовые прогрессирующие сквозные трещины на всю высоту здания	Полная замена фундаментов
62	Мелкие трещины в цоколе	Затирка трещин в цоколе
63	Выпирание грунта в подвале	Полная замена фундаментов
64	Трещины в швах между блоками	Заполнение швов между блоками.
65	Высолы и следы увлажнения стен подвала	Ремонт штукатурки стен подвала. Ремонт вертикальной и горизонтальной гидроизоляции и отмостки.
66	Следы увлажнения цоколя и стен подвала	Восстановление вертикальной и горизонтальной гидроизоляции фундамента
67	Массовые повреждения и разрушение блоков	Полная замена фундаментов
68	Выщелачивание раствора из швов между блоками	Заделка швов между блоками
69	Местные нарушения штукатурного слоя цоколя и стен	Ремонт штукатурного слоя цоколя и стен
70	Трещины, частичное разрушение блоков (до арматуры)	Заделка трещин и разрушенных блоков. Усиление фундаментов местами.
71	Прогрессирующие сквозные трещины на всю высоту здания	Полная замена фундаментов
56	Неравномерная осадка фундамента	Замена столбов и забирки с вывешиванием стен
72	Осадка отдельных участков здания	Замена столбов и забирки с вывешиванием стен
73	Обрастание мхом нижней части забирки	Полная замена забирки
74	Искривление горизонтальной линии стен	Замена столбов и забирки с вывешиванием стен
75	Искривление горизонтальных линий цоколя	Переборка досок забирки
76	Мелкие повреждения верхней части столбов	Ремонт оголовков столбов
77	Искривление забирки и повреждение отдельных досок забирки	Переборка досок забирки
78	Разрушение отделочного слоя цоколя, ослабление врубок	Укрепление врубок, восстановление отделки
79	Поражение забирки гнилью, коробление и отставание досок	Полная замена забирки, ремонт оголовков столбов
92	Выпадение отдельных камней в надземной части цоколя и фундаментных столбов	ремонт кладки цоколя и надземной части фундаментных столбов
80	Поражение гнилью, жучком, частичные разрушения забирки и столбов	Замена столбов и забирки с вывешиванием стен
81	Трещины, сколы в надземной части столбов	Ремонт верхней части фундаментных столбов
82	Трещины в цоколе	Расшивка и заделка трещин в цоколе
83	Перекосы в цоколе	Замена цоколя
84	Выпучивание цоколя	Замена цоколя
85	Полное разрушение цоколя	Полная замена цоколя с вывешиванием стен
86	Осадка отдельных участков	Полная замена фундамента и цоколя с вывешиванием стен
87	Перекосы оконных и дверных проемов	Полная замена фундамента и цоколя с вывешиванием стен
88	Мелкие повреждения цокольной части	Расшивка трещин, заделка выбоин в цокольной части
89	Искривление горизонтальных линий стен	Полная замена фундамента и цоколя с вывешиванием стен
90	Нарушение монолитности кладки столбов	Полная замена фундамента и цоколя с вывешиванием стен
91	Сколы и выпадение камней в надземной части столбов	Ремонт верхней части фундаментных столбов
93	Разрушение цоколя	Полная замена цоколя
94	Сквозные трещины в цоколе	Усиление фундаментов
95	Развитие деформаций фундаментов	Полная замена фундамента
96	Трещины в цокольной части здания	Затирка трещин в цокольной части здания
97	Развитие сквозных трещин в стенах здания	Полная замена фундамента
98	Искривление и значительная осадка отдельных участков стен	Усиление фундаментов и стен
99	Искривление горизонтальных линий цоколя без признаков увеличения осадочных деформаций	Затирка трещин, устранение повреждений отделочного слоя цоколя
\.


--
-- Data for Name: excel_app_fields; Type: TABLE DATA; Schema: public; Owner: spoural
--

COPY public.excel_app_fields (id, type, key, mask, name, placeholder, settings, construction_type_id, "position", step, required) FROM stdin;
6	date	checkupDate	monthFullYear	Дата проведения обследования	Выбрать дату	"null"	\N	1	2	t
7	date	reportDate	monthYear	Дата заполнения отчета	Выбрать дату	"null"	\N	5	1	t
3	text	address	^[а-яА-ЯёЁ0-9\\s-,.]+$	Адрес объекта	\N	"null"	\N	2	1	t
1	text	customer	^[а-яА-ЯёЁ0-9\\s\\-]+$	Заказчик	\N	"null"	\N	1	1	t
4	select	checkupType	\N	Вид обследования	Выберите значение	"{\\r\\n  \\"values\\": [\\r\\n    \\"Визуальное обследование строительных конструкций\\",\\r\\n    \\"Техническое обследование строительных конструкций\\",\\r\\n    \\"Инструментальное обследование строительных конструкций\\"\\r\\n  ]\\r\\n}"	\N	6	1	t
5	select	developer	\N	Разработчик	Выберите значение	"{\\r\\n  \\"values\\": [\\r\\n    \\"Иванов\\",\\r\\n    \\"Нестеров\\",\\r\\n    \\"Петров\\"\\r\\n  ]\\r\\n}"	\N	7	1	t
10	text	code	^.{3,}$	Шифр	\N	"null"	\N	4	1	t
2	select	objectType	\N	Тип объекта	Выберите значение	"{\\r\\n  \\"values\\": [\\r\\n    \\"Здание\\",\\r\\n    \\"Жилой дом\\",\\r\\n    \\"Жилое помещение\\",\\r\\n    \\"Нежилое здание\\",\\r\\n    \\"Многоквартирный дом\\",\\r\\n    \\"Дом блокированной застройки\\"\\r\\n  ]\\r\\n}"	\N	3	1	t
22	select	constructiveType	\N	Конструктивный тип объекта	Выберите значение	"{\\r\\n  \\"values\\": [\\r\\n    \\"Каркасный\\",\\r\\n    \\"Бескаркасный\\",\\r\\n    \\"Каркасно-засыпной\\"\\r\\n  ]\\r\\n}"	\N	10	2	t
13	select	contractType	\N	Тип договора	Выберите значение	"{\\r\\n  \\"values\\": [\\r\\n    \\"Договор\\",\\r\\n    \\"Муниципальный контракт\\"\\r\\n  ]\\r\\n}"	\N	1	3	t
11	text	contractNumber	^.{3,}$	Номер договора	\N	"null"	\N	3	3	t
18	text	objectConstructionYear	^([1-9]|[1-9]\\d{1,2}|1\\d{3}|20[0-9]{2}|2100)?$	Год возведения объекта	Нет данных	"null"	\N	6	2	f
31	select	humidityZone	\N	Зона влажности	Выберите значение	"{\\r\\n  \\"values\\": [\\r\\n    \\"Сухая\\",\\r\\n    \\"Влажная\\",\\r\\n    \\"Нормальная\\"\\r\\n  ]\\r\\n}"	\N	9	3	t
30	select	climateZone	\N	Климатическая зона	Выберите значение	"{\\r\\n  \\"values\\": [\\r\\n    \\"I\\",\\r\\n    \\"II\\",\\r\\n    \\"III\\",\\r\\n    \\"IV\\"\\r\\n  ]\\r\\n}"	\N	7	3	t
25	text	objectRoll	^.{3,}$	Крен объекта	Не измерялся	"null"	\N	14	2	f
24	text	oscillationsPeriod	^.{3,}$	Период основного тона колебаний	Не устанавливался	"null"	\N	13	2	f
26	select	technicalCategoryOfObject	\N	Техническое состояние объекта	Выберите значение	"{\\r\\n  \\"values\\": [\\r\\n    \\"Аварийное техническое состояние\\",\\r\\n    \\"Работоспособное техническое состояние\\",\\r\\n    \\"Ограниченно-работоспособное техническое состояние\\"\\r\\n  ]\\r\\n}"	\N	15	2	t
14	select	objectStatus	\N	Статус объекта	Не устанавливался	"{\\r\\n  \\"values\\": [\\r\\n    \\"Не является памятником архитектуры или культурного наследия\\",\\r\\n    \\"Памятник культурного наследия\\",\\r\\n    \\"Памятник архитектуры\\"\\r\\n  ]\\r\\n}"	\N	2	2	f
28	select	responsibilityValue	\N	Уровень ответственности	Выберите значение	"{\\r\\n  \\"values\\": [\\r\\n    \\"Нормальный\\",\\r\\n    \\"Повышенный\\",\\r\\n    \\"Пониженный\\"\\r\\n  ]\\r\\n}"	\N	5	3	t
21	select	formOfOwnershipObject	\N	Форма собственности объекта	Не устанавливалась	"{\\r\\n  \\"values\\": [\\r\\n    \\"Смешанная\\",\\r\\n    \\"Муниципальная\\",\\r\\n    \\"Частная\\"\\r\\n  ]\\r\\n}"	\N	9	2	f
15	select	objectProjectType	\N	Тип проекта объекта	Нет данных	"{\\r\\n  \\"values\\": [\\r\\n    \\"Типовой\\",\\r\\n    \\"Индивидуальный\\"\\r\\n  ]\\r\\n}"	\N	3	2	f
16	text	objectProjectOrganization	^.{3,}$	Проектная организация объекта	Нет данных	"null"	\N	4	2	f
17	text	objectBuildingOrganization	^.{3,}$	Строительная организация объекта	Нет данных	"null"	\N	5	2	f
19	text	yearAndNatureOfRepair	^.{3,}$	Год и характер последнего ремонта объекта (реконструкции)	Нет данных	"null"	\N	7	2	f
20	text	ownerOfObject	^.{3,}$	Собственник объекта	Нет данных	"null"	\N	8	2	f
29	select	capitalGroup	\N	Группа капитальности	Выберите значение	"{\\r\\n  \\"values\\": [\\r\\n    \\"I\\",\\r\\n     \\"II\\",\\r\\n     \\"III\\",\\r\\n     \\"IV\\",\\r\\n     \\"V\\",\\r\\n     \\"VI\\"\\r\\n  ]\\r\\n}"	\N	6	3	t
39	date	contractDate	fullDate	Дата договора	Выбрать дату	"null"	\N	2	3	t
32	select	snowRegion	\N	Снеговой район	Выберите значение	"{\\r\\n  \\"values\\": [\\r\\n    \\"I\\",\\r\\n    \\"II\\",\\r\\n    \\"III\\",\\r\\n    \\"IV\\",\\r\\n    \\"V\\",\\r\\n    \\"VI\\",\\r\\n    \\"VII\\",\\r\\n    \\"VIII\\"\\r\\n  ]\\r\\n}"	\N	10	3	t
33	select	windRegion	\N	Ветровой район	Выберите значение	"{\\r\\n  \\"values\\": [\\r\\n    \\"I\\",\\r\\n    \\"Ia\\",\\r\\n    \\"II\\",\\r\\n    \\"III\\",\\r\\n    \\"IV\\",\\r\\n    \\"V\\",\\r\\n    \\"VI\\",\\r\\n    \\"VII\\"\\r\\n  ]\\r\\n}"	\N	11	3	t
34	table	documentation	\N	Документация	\N	"{\\r\\n  \\"cells\\": [\\r\\n    {\\r\\n      \\"label\\": \\"Наименование\\",\\r\\n      \\"key\\": \\"name\\",\\r\\n      \\"mask\\": \\"\\"\\r\\n    },\\r\\n    {\\r\\n      \\"label\\": \\"Год выпуска\\",\\r\\n      \\"key\\": \\"year\\",\\r\\n      \\"mask\\": \\"^([1-9]|[1-9]\\\\\\\\d{1,2}|1\\\\\\\\d{3}|20[0-9]{2}|2100)?$\\"\\r\\n    },\\r\\n    {\\r\\n      \\"label\\": \\"Разработчик\\",\\r\\n      \\"key\\": \\"developer\\",\\r\\n      \\"mask\\": \\"\\"\\r\\n    }\\r\\n  ]\\r\\n}"	\N	1	4	f
40	select	climateDistrict	\N	Климатический район	Выберите значение	"{\\r\\n  \\"values\\": [\\r\\n    \\"А\\",\\r\\n    \\"Б\\",\\r\\n    \\"В\\",\\r\\n    \\"Г\\",\\r\\n    \\"Д\\"\\r\\n  ]\\r\\n}"	\N	8	3	t
23	select	numberOfFloors	\N	Число этажей	Выберите значение	"{\\r\\n  \\"values\\": [\\r\\n    \\"1\\",\\r\\n    \\"2\\",\\r\\n    \\"3\\",\\r\\n    \\"4\\",\\r\\n    \\"5\\"\\r\\n  ]\\r\\n}"	\N	12	2	t
41	select	buildingForm	\N	Форма здания	Выберите значение	"{\\r\\n  \\"values\\": [\\r\\n    \\"Сложная\\", \\"Прямоугольная\\"\\r\\n  ]\\r\\n}"	\N	11	2	t
38	select	foundation.condition	\N	Техническое состояние. Фундаменты	Выберите значение	"{\\r\\n  \\"values\\": [\\r\\n    \\"Аварийное\\",\\r\\n    \\"Работоспособное\\",\\r\\n    \\"Ограниченно-работоспособное\\"\\r\\n  ]\\r\\n}"	\N	2	5	t
36	table	foundation	\N	Материал. Фундаменты	Выберите значение	"{\\r\\n  \\"cells\\": [\\r\\n  ]\\r\\n}"	Фундамент	1	5	t
37	text	foundation.physValue	^\\d{1,2}$	Физический износ. Фундаменты	Введите значение в %	"null"	\N	2	5	t
27	select	objectPurpose	\N	Назначение объекта	Выберите значение	"{\\r\\n  \\"values\\": [\\r\\n    \\"Жилое\\",\\r\\n    \\"Прочее\\",\\r\\n    \\"Нежилое\\",\\r\\n    \\"Общественное\\",\\r\\n    \\"Объект культуры\\",\\r\\n    \\"Временный объект\\",\\r\\n    \\"Производственное\\",\\r\\n    \\"Объект защиты населения\\",\\r\\n    \\"Административно-бытовое\\",\\r\\n    \\"Транспортная инфраструктура\\",\\r\\n    \\"Незавершенное строительство\\",\\r\\n    \\"Досугово-развлекательное учреждение\\"\\r\\n  ]\\r\\n}"	\N	4	3	t
\.


--
-- Data for Name: excel_app_materials; Type: TABLE DATA; Schema: public; Owner: spoural
--

COPY public.excel_app_materials (id, name) FROM stdin;
12	Ленточные каменные
13	Ленточные крупноблочные
14	Столбчатые деревянные с забиркой
15	Cтолбчатые каменные с кирпичным цоколем
16	Cвайные столбчатые каменные, бетонные и железобетонные
\.


--
-- Data for Name: excel_app_materials_defects; Type: TABLE DATA; Schema: public; Owner: spoural
--

COPY public.excel_app_materials_defects (id, materials_id, defects_id) FROM stdin;
227	12	53
228	12	54
229	12	55
230	12	56
231	12	57
232	12	58
233	12	59
234	12	60
235	12	61
236	13	62
237	13	63
238	13	64
239	13	65
240	13	66
241	13	67
242	13	68
243	13	69
244	13	70
245	13	71
246	14	56
247	14	72
248	14	73
249	14	74
250	14	75
251	14	76
252	14	77
253	14	78
254	14	79
255	14	80
256	15	81
257	15	82
258	15	83
259	15	84
260	15	85
261	15	86
262	15	87
263	15	88
264	15	89
265	15	90
266	15	91
267	15	92
268	16	93
269	16	94
270	16	95
271	16	96
272	16	97
273	16	98
274	16	99
\.


--
-- Data for Name: excel_app_materials_recommendations; Type: TABLE DATA; Schema: public; Owner: spoural
--

COPY public.excel_app_materials_recommendations (id, materials_id, recommendations_id) FROM stdin;
\.


--
-- Data for Name: excel_app_recommendations; Type: TABLE DATA; Schema: public; Owner: spoural
--

COPY public.excel_app_recommendations (id, name) FROM stdin;
29	Укрепление кладки фундамента местами
30	Ремонт горизонтальной изоляции фундамента
31	Устройство горизонтальных поясов жесткости
32	Усиление или замена отдельных участков фундамента
33	Полная замена фундаментов
34	Затирка трещин в цоколе
35	Заполнение швов между блоками.
36	Ремонт штукатурки стен подвала. Ремонт вертикальной и горизонтальной гидроизоляции и отмостки.
37	Восстановление вертикальной и горизонтальной гидроизоляции фундамента
38	Заделка швов между блоками
39	Ремонт штукатурного слоя цоколя и стен
40	Заделка трещин и разрушенных блоков. Усиление фундаментов местами.
41	Замена столбов и забирки с вывешиванием стен
42	Полная замена забирки
43	Переборка досок забирки
44	Ремонт оголовков столбов
45	Укрепление врубок, восстановление отделки
46	Полная замена забирки, ремонт оголовков столбов
47	Ремонт верхней части фундаментных столбов
48	Расшивка и заделка трещин в цоколе
49	Замена цоколя
50	Полная замена цоколя с вывешиванием стен
51	Полная замена фундамента и цоколя с вывешиванием стен
52	Расшивка трещин, заделка выбоин в цокольной части
53	ремонт кладки цоколя и надземной части фундаментных столбов
54	Полная замена цоколя
55	Усиление фундаментов
56	Полная замена фундамента
57	Затирка трещин в цокольной части здания
58	Усиление фундаментов и стен
59	Затирка трещин, устранение повреждений отделочного слоя цоколя
\.


--
-- Data for Name: excel_app_sheet; Type: TABLE DATA; Schema: public; Owner: spoural
--

COPY public.excel_app_sheet (id, index, data, "countCell", name, section, subsections, "contentSection", files) FROM stdin;
7	0	"[\\r\\n  {\\r\\n    \\"index\\": \\"B12\\",\\r\\n    \\"template\\": \\"Заказчик - $customer$\\"\\r\\n  },\\r\\n  {\\r\\n    \\"index\\": \\"B16\\",\\r\\n    \\"template\\": \\"$objectType$, $расположенный.objectType$ по адресу: $address$\\"\\r\\n  },\\r\\n  {\\r\\n    \\"index\\": \\"B28\\",\\r\\n    \\"inputKey\\": \\"checkupType\\"\\r\\n  },\\r\\n  {\\r\\n    \\"index\\": \\"B31\\",\\r\\n    \\"inputKey\\": \\"code\\"\\r\\n  },\\r\\n  {\\r\\n    \\"index\\": \\"AF44\\",\\r\\n    \\"inputKey\\": \\"reportDate\\"\\r\\n  }\\r\\n]"	\N	Титульный	\N	"[]"	f	
12	3	"[\\r\\n  {\\r\\n    \\"index\\": \\"R55\\",\\r\\n    \\"inputKey\\": \\"code\\"\\r\\n  },\\r\\n  {\\r\\n    \\"index\\": \\"P56\\",\\r\\n    \\"inputKey\\": \\"reportDate\\"\\r\\n  }\\r\\n]"	AK56	Правовые требования и обязательства	\N	"[]"	t	
8	1	"[\\r\\n  {\\r\\n    \\"index\\": \\"D12\\",\\r\\n    \\"template\\": \\"Заказчик - $customer$\\"\\r\\n  },\\r\\n  {\\r\\n    \\"index\\": \\"D16\\",\\r\\n    \\"template\\": \\"$objectType$, $расположенный.objectType$ по адресу: $address$\\"\\r\\n  },\\r\\n  {\\r\\n    \\"index\\": \\"D28\\",\\r\\n    \\"inputKey\\": \\"checkupType\\"\\r\\n  },\\r\\n  {\\r\\n    \\"index\\": \\"D31\\",\\r\\n    \\"inputKey\\": \\"code\\"\\r\\n  },\\r\\n  {\\r\\n    \\"index\\": \\"AF44\\",\\r\\n    \\"inputKey\\": \\"reportDate\\"\\r\\n  }\\r\\n]"	\N	ТитульныйРамка	\N	"[]"	f	
22	15	"[\\r\\n  {\\r\\n    \\"index\\": \\"E5\\",\\r\\n    \\"inputKey\\": \\"\\",\\r\\n    \\"tableType\\": \\"media\\",\\r\\n    \\"cells\\": {\\r\\n      \\"imageWidth\\": \\"600\\",\\r\\n      \\"imageHeight\\": \\"900\\",\\r\\n      \\"mergeCell\\": \\"AK53\\",\\r\\n      \\"textLine1\\": \\"ООО «Строительно-производственное объединение «Урал»\\",\\r\\n      \\"textLine2\\": \\"ВЫДАНО ДЛЯ ЗАКЛЮЧЕНИЯ\\",\\r\\n      \\"textLine3Key\\": \\"code\\",\\r\\n      \\"textFontSize1\\": \\"12\\",\\r\\n      \\"textFontSize2\\": \\"14\\",\\r\\n      \\"printX\\": \\"10\\",\\r\\n      \\"printY\\": \\"10\\",\\r\\n      \\"printScale\\": \\"1\\",\\r\\n      \\"frameMargin\\": \\"5\\",\\r\\n      \\"frameWidth\\": \\"2\\",\\r\\n      \\"lineSpacing\\": \\"10\\",\\r\\n      \\"textColor\\": \\"(0, 0, 255)\\",\\r\\n      \\"frameColor\\": \\"(0, 0, 255)\\"\\r\\n    }\\r\\n  },\\r\\n  {\\r\\n    \\"index\\": \\"R55\\",\\r\\n    \\"inputKey\\": \\"code\\"\\r\\n  },\\r\\n  {\\r\\n    \\"index\\": \\"P56\\",\\r\\n    \\"inputKey\\": \\"reportDate\\"\\r\\n  }\\r\\n]"	AK56	Приложение А. Выписки из реестра членов саморегулируемой организации	\N	"[]"	f	sheets/prilozhenie-a-vypiski-iz-reestra-chlenov-samoreguliruemoi-organizatsii/выписка.jpg
27	16	"[\\r\\n  {\\r\\n    \\"index\\": \\"E5\\",\\r\\n    \\"inputKey\\": \\"\\",\\r\\n    \\"tableType\\": \\"media\\",\\r\\n    \\"cells\\": {\\r\\n      \\"imageWidth\\": \\"600\\",\\r\\n      \\"imageHeight\\": \\"900\\",\\r\\n      \\"mergeCell\\": \\"AK53\\",\\r\\n      \\"textLine1\\": \\"ООО «Строительно-производственное объединение «Урал»\\",\\r\\n      \\"textLine2\\": \\"ВЫДАНО ДЛЯ ЗАКЛЮЧЕНИЯ\\",\\r\\n      \\"textLine3Key\\": \\"code\\",\\r\\n      \\"textFontSize1\\": \\"12\\",\\r\\n      \\"textFontSize2\\": \\"14\\",\\r\\n      \\"printX\\": \\"10\\",\\r\\n      \\"printY\\": \\"10\\",\\r\\n      \\"printScale\\": \\"1\\",\\r\\n      \\"frameMargin\\": \\"5\\",\\r\\n      \\"frameWidth\\": \\"2\\",\\r\\n      \\"lineSpacing\\": \\"10\\",\\r\\n      \\"textColor\\": \\"(0, 0, 255)\\",\\r\\n      \\"frameColor\\": \\"(0, 0, 255)\\"\\r\\n    }\\r\\n  },\\r\\n  {\\r\\n    \\"index\\": \\"R55\\",\\r\\n    \\"inputKey\\": \\"code\\"\\r\\n  },\\r\\n  {\\r\\n    \\"index\\": \\"P56\\",\\r\\n    \\"inputKey\\": \\"reportDate\\"\\r\\n  }\\r\\n]"	AK56	Приложение А. Вторая выписка	\N	"[]"	f	sheets/prilozhenie-a-vypiski-iz-reestra-chlenov-samoreguliruemoi-organizatsii/выписка2.jpg
13	4	"[\\r\\n  {\\r\\n    \\"index\\": \\"U5\\",\\r\\n    \\"inputKey\\": \\"address\\"\\r\\n  },\\r\\n  {\\r\\n    \\"index\\": \\"U8\\",\\r\\n    \\"template\\": \\"$checkupDate$\\"\\r\\n  },\\r\\n  {\\r\\n    \\"index\\": \\"U13\\",\\r\\n    \\"inputKey\\": \\"objectStatus\\",\\r\\n    \\"defaultValue\\": \\"Не устанавливался\\"\\r\\n  },\\r\\n  {\\r\\n    \\"index\\": \\"U16\\",\\r\\n    \\"inputKey\\": \\"objectProjectType\\",\\r\\n    \\"defaultValue\\": \\"Не устанавливается\\"\\r\\n  },\\r\\n  {\\r\\n    \\"index\\": \\"U18\\",\\r\\n    \\"inputKey\\": \\"objectProjectOrganization\\",\\r\\n    \\"defaultValue\\": \\"Нет данных\\"\\r\\n  },\\r\\n  {\\r\\n    \\"index\\": \\"U21\\",\\r\\n    \\"inputKey\\": \\"objectBuildingOrganization\\",\\r\\n    \\"defaultValue\\": \\"Нет данных\\"\\r\\n  },\\r\\n  {\\r\\n    \\"index\\": \\"U24\\",\\r\\n    \\"inputKey\\": \\"objectConstructionYear\\",\\r\\n    \\"defaultValue\\": \\"Нет данных\\"\\r\\n  },\\r\\n  {\\r\\n    \\"index\\": \\"U26\\",\\r\\n    \\"inputKey\\": \\"yearAndNatureOfRepair\\",\\r\\n    \\"defaultValue\\": \\"Нет данных\\"\\r\\n  },\\r\\n  {\\r\\n    \\"index\\": \\"U29\\",\\r\\n    \\"inputKey\\": \\"ownerOfObject\\",\\r\\n    \\"defaultValue\\": \\"Нет данных\\"\\r\\n  },\\r\\n  {\\r\\n    \\"index\\": \\"U31\\",\\r\\n    \\"inputKey\\": \\"formOfOwnershipObject\\",\\r\\n    \\"defaultValue\\": \\"Нет данных\\"\\r\\n  },\\r\\n  {\\r\\n    \\"index\\": \\"U34\\",\\r\\n    \\"inputKey\\": \\"constructiveType\\"\\r\\n  },\\r\\n  {\\r\\n    \\"index\\": \\"U36\\",\\r\\n    \\"inputKey\\": \\"numberOfFloors\\"\\r\\n  },\\r\\n  {\\r\\n    \\"index\\": \\"U38\\",\\r\\n    \\"inputKey\\": \\"oscillationsPeriod\\",\\r\\n    \\"defaultValue\\": \\"Нет данных\\"\\r\\n  },\\r\\n  {\\r\\n    \\"index\\": \\"U42\\",\\r\\n    \\"inputKey\\": \\"objectRoll\\",\\r\\n    \\"defaultValue\\": \\"Нет данных\\"\\r\\n  },\\r\\n  {\\r\\n    \\"index\\": \\"U45\\",\\r\\n    \\"inputKey\\": \\"technicalCategoryOfObject\\"\\r\\n  },\\r\\n  {\\r\\n    \\"index\\": \\"R55\\",\\r\\n    \\"inputKey\\": \\"code\\"\\r\\n  },\\r\\n  {\\r\\n    \\"index\\": \\"P56\\",\\r\\n    \\"inputKey\\": \\"reportDate\\"\\r\\n  }\\r\\n]"	AK56	Заключение по обследованию технического состояния объекта	\N	"[]"	t	
20	10	"[\\r\\n  {\\r\\n    \\"index\\": \\"R55\\",\\r\\n    \\"inputKey\\": \\"code\\"\\r\\n  },\\r\\n  {\\r\\n    \\"index\\": \\"P56\\",\\r\\n    \\"inputKey\\": \\"reportDate\\"\\r\\n  }\\r\\n]"	AK56	Результаты оценки технического состояния строительных конструкций	4	"[\\r\\n  {\\r\\n    \\"sectionId\\": \\"4.1\\",\\r\\n    \\"sectionName\\": \\"Методика обследования\\"\\r\\n  },\\r\\n  {\\r\\n    \\"sectionId\\": \\"4.2\\",\\r\\n    \\"sectionName\\": \\"Результаты обследования строительных конструкций\\"\\r\\n  }\\r\\n]"	t	
23	12	"[\\r\\n  {\\r\\n    \\"index\\": \\"R55\\",\\r\\n    \\"inputKey\\": \\"code\\"\\r\\n  },\\r\\n  {\\r\\n    \\"index\\": \\"P56\\",\\r\\n    \\"inputKey\\": \\"reportDate\\"\\r\\n  }\\r\\n]"	AK56	Заключительная часть	5	"[\\r\\n]"	f	
15	6	"[\\r\\n  {\\r\\n    \\"index\\": \\"R55\\",\\r\\n    \\"inputKey\\": \\"code\\"\\r\\n  },\\r\\n  {\\r\\n    \\"index\\": \\"P56\\",\\r\\n    \\"inputKey\\": \\"reportDate\\"\\r\\n  }\\r\\n]"	AK56	Классификация технического состояния	\N	"[]"	f	
24	13	"[\\r\\n  {\\r\\n    \\"index\\": \\"R55\\",\\r\\n    \\"inputKey\\": \\"code\\"\\r\\n  },\\r\\n  {\\r\\n    \\"index\\": \\"P56\\",\\r\\n    \\"inputKey\\": \\"reportDate\\"\\r\\n  }\\r\\n]"	AK56	Выводы и рекомендации	5.2	"[]"	f	
29	18	"[\\r\\n  {\\r\\n    \\"index\\": \\"R55\\",\\r\\n    \\"inputKey\\": \\"code\\"\\r\\n\\r\\n  },\\r\\n  {\\r\\n    \\"index\\": \\"P56\\",\\r\\n    \\"inputKey\\": \\"reportDate\\"\\r\\n  }\\r\\n]"	AK56	Приложение В. Расчет общего физического износа здания	\N	"[]"	f	
21	11	"[\\r\\n  {\\r\\n    \\"index\\": \\"C1\\",\\r\\n    \\"tableType\\": \\"defects\\",\\r\\n    \\"cells\\": {\\r\\n      \\"names\\": {\\r\\n        \\"foundation\\": \\"Фундаменты\\",\\r\\n        \\"walls.partitions\\": \\"Стены и перегородки\\"\\r\\n      },\\r\\n      \\"maxCell\\": \\"AM53\\",\\r\\n      \\"header\\": {\\r\\n        \\"minHeight\\": 2,\\r\\n        \\"width\\": 14,\\r\\n        \\"nameHeight\\": 2\\r\\n      },\\r\\n      \\"values\\": {\\r\\n        \\"valueHeight\\": 2,\\r\\n        \\"width\\": 23,\\r\\n        \\"rows\\": [\\r\\n          {\\r\\n            \\"name\\": \\"Выявленные дефекты и повреждения\\",\\r\\n            \\"key\\": \\"defects\\"\\r\\n          },\\r\\n          {\\r\\n            \\"name\\": \\"Физический износ, %\\",\\r\\n            \\"key\\": \\"physValue\\"\\r\\n          },\\r\\n          {\\r\\n            \\"name\\": \\"Категория технического состояния\\",\\r\\n            \\"key\\": \\"condition\\"\\r\\n          },\\r\\n          {\\r\\n            \\"name\\": \\"Рекомендации по устранению\\",\\r\\n            \\"key\\": \\"recs\\"\\r\\n          }\\r\\n        ]\\r\\n      }\\r\\n    }\\r\\n  },\\r\\n  {\\r\\n    \\"index\\": \\"R55\\",\\r\\n    \\"inputKey\\": \\"code\\"\\r\\n  },\\r\\n  {\\r\\n    \\"index\\": \\"P56\\",\\r\\n    \\"inputKey\\": \\"reportDate\\"\\r\\n  }\\r\\n]"	AK56	Дефекты и рекомендации	\N	"[]"	f	
25	14	"[\\r\\n  {\\r\\n    \\"index\\": \\"R55\\",\\r\\n    \\"inputKey\\": \\"code\\"\\r\\n  },\\r\\n  {\\r\\n    \\"index\\": \\"P56\\",\\r\\n    \\"inputKey\\": \\"reportDate\\"\\r\\n  }\\r\\n]"	AK56	Перечень нормативной и технической документации	6	"[]"	f	
18	9	"[\\r\\n  {\\r\\n    \\"index\\": \\"C11\\",\\r\\n    \\"tableType\\": \\"documentation\\",\\r\\n    \\"inputKey\\": \\"documentation\\",\\r\\n    \\"verticalGap\\": 3,\\r\\n    \\"cells\\": [\\r\\n      {\\r\\n        \\"title\\": \\"№ п/п\\",\\r\\n        \\"key\\": \\"index\\",\\r\\n        \\"width\\": 3\\r\\n      },\\r\\n      {\\r\\n        \\"title\\": \\"Наименование документации\\",\\r\\n        \\"key\\": \\"name\\",\\r\\n        \\"width\\": 14\\r\\n      },\\r\\n      {\\r\\n        \\"title\\": \\"Год выпуска\\",\\r\\n        \\"key\\": \\"year\\",\\r\\n        \\"width\\": 6\\r\\n      },\\r\\n      {\\r\\n        \\"title\\": \\"Разработчик\\",\\r\\n        \\"key\\": \\"developer\\",\\r\\n        \\"width\\": 14\\r\\n      }\\r\\n    ]\\r\\n  },\\r\\n  {\\r\\n    \\"index\\": \\"R55\\",\\r\\n    \\"inputKey\\": \\"code\\"\\r\\n  },\\r\\n  {\\r\\n    \\"index\\": \\"P56\\",\\r\\n    \\"inputKey\\": \\"reportDate\\"\\r\\n  }\\r\\n]"	AK56	Перечень предоставленной технической документации	3	"[]"	t	
17	8	"[\\r\\n  {\\r\\n    \\"index\\": \\"D5\\",\\r\\n    \\"template\\": \\"$Обследуемый.objectType$ $objectType.lower$ представляет собой здание $buildingForm.gent.lower$ формы. Количество этажей - $numberOfFloors$\\\\n\\"\\r\\n  },\\r\\n  {\\r\\n    \\"index\\": \\"U20\\",\\r\\n    \\"template\\": \\"$foundation.material$\\"\\r\\n  },\\r\\n  {\\r\\n    \\"index\\": \\"U22\\",\\r\\n    \\"template\\": \\"$partitions.material$\\"\\r\\n  },\\r\\n  {\\r\\n    \\"index\\": \\"U24\\",\\r\\n    \\"template\\": \\"$walls.material$\\"\\r\\n  },\\r\\n  {\\r\\n    \\"index\\": \\"U26\\",\\r\\n    \\"template\\": \\"$roofing.material$\\"\\r\\n  },\\r\\n  {\\r\\n    \\"index\\": \\"U28\\",\\r\\n    \\"template\\": \\"$roof.material$\\"\\r\\n  },\\r\\n  {\\r\\n    \\"index\\": \\"U30\\",\\r\\n    \\"template\\": \\"$ceilings.material$\\",\\r\\n    \\"inputKey\\": \\"\\"\\r\\n  },\\r\\n  {\\r\\n    \\"index\\": \\"U32\\",\\r\\n    \\"template\\": \\"$floors.material$\\"\\r\\n  },\\r\\n  {\\r\\n    \\"index\\": \\"U34\\",\\r\\n    \\"template\\": \\"$windows.material$\\"\\r\\n  },\\r\\n  {\\r\\n    \\"index\\": \\"U36\\",\\r\\n    \\"template\\": \\"$doors.material$\\"\\r\\n  },\\r\\n  {\\r\\n    \\"index\\": \\"U38\\",\\r\\n    \\"inputKey\\": \\"wallCoverings\\"\\r\\n  },\\r\\n  {\\r\\n    \\"index\\": \\"U40\\",\\r\\n    \\"inputKey\\": \\"ceilingCoatings\\"\\r\\n  },\\r\\n  {\\r\\n    \\"index\\": \\"AF42\\",\\r\\n    \\"inputKey\\": \\"waterSupply\\"\\r\\n  },\\r\\n  {\\r\\n    \\"index\\": \\"AF44\\",\\r\\n    \\"inputKey\\": \\"sewerage\\"\\r\\n  },\\r\\n  {\\r\\n    \\"index\\": \\"AF46\\",\\r\\n    \\"inputKey\\": \\"heating\\"\\r\\n  },\\r\\n  {\\r\\n    \\"index\\": \\"AF48\\",\\r\\n    \\"inputKey\\": \\"electricity\\"\\r\\n  },\\r\\n  {\\r\\n    \\"index\\": \\"AF51\\",\\r\\n    \\"inputKey\\": \\"gasSupply\\"\\r\\n  },\\r\\n  {\\r\\n    \\"index\\": \\"R55\\",\\r\\n    \\"inputKey\\": \\"code\\"\\r\\n  },\\r\\n  {\\r\\n    \\"index\\": \\"P56\\",\\r\\n    \\"inputKey\\": \\"reportDate\\"\\r\\n  }\\r\\n]"	AK56	Описание конструкций здания	2.2	"[]"	t	
16	7	"[\\r\\n  {\\r\\n    \\"index\\": \\"AD15\\",\\r\\n    \\"inputKey\\": \\"objectPurpose\\"\\r\\n  },\\r\\n  {\\r\\n    \\"index\\": \\"AD17\\",\\r\\n    \\"inputKey\\": \\"responsibilityValue\\"\\r\\n  },\\r\\n  {\\r\\n    \\"index\\": \\"AD26\\",\\r\\n    \\"inputKey\\": \\"capitalGroup\\"\\r\\n  },\\r\\n  {\\r\\n    \\"index\\": \\"AD32\\",\\r\\n    \\"template\\": \\"$climateZone$$climateDistrict$\\"\\r\\n  },\\r\\n  {\\r\\n    \\"index\\": \\"AD36\\",\\r\\n    \\"inputKey\\": \\"humidityZone\\"\\r\\n  },\\r\\n  {\\r\\n    \\"index\\": \\"AD39\\",\\r\\n    \\"inputKey\\": \\"snowRegion\\"\\r\\n  },\\r\\n  {\\r\\n    \\"index\\": \\"AD43\\",\\r\\n    \\"inputKey\\": \\"windRegion\\"\\r\\n  },\\r\\n  {\\r\\n    \\"index\\": \\"R55\\",\\r\\n    \\"inputKey\\": \\"code\\"\\r\\n  },\\r\\n  {\\r\\n    \\"index\\": \\"P56\\",\\r\\n    \\"inputKey\\": \\"reportDate\\"\\r\\n  }\\r\\n]"	AK56	Конструктивная характеристика	2	"[\\r\\n  {\\r\\n  \\"sectionId\\":\\"2.1\\",\\r\\n  \\"sectionName\\":\\"Описание и характеристики кострукций здания\\"\\r\\n  }\\r\\n]"	t	
26	17	"[\\r\\n  {\\r\\n    \\"index\\": \\"D5\\",\\r\\n    \\"inputKey\\": \\"\\",\\r\\n    \\"tableType\\": \\"images\\",\\r\\n    \\"cells\\": {\\r\\n      \\"names\\": {\\r\\n        \\"generalView1\\": \\"Общий вид - 1\\",\\r\\n        \\"generalView2\\": \\"Общий вид - 2\\"\\r\\n      },\\r\\n      \\"materials\\": [\\r\\n        \\"foundation\\",\\r\\n        \\"floors\\"\\r\\n      ],\\r\\n      \\"width\\": \\"322\\",\\r\\n      \\"height\\": \\"200\\",\\r\\n      \\"mergeCell\\": \\"T15\\",\\r\\n      \\"textHeight\\": 2,\\r\\n      \\"verticalGap\\": 1,\\r\\n      \\"horizontalGap\\": 1,\\r\\n      \\"maxCell\\": \\"AM53\\"\\r\\n    }\\r\\n  },\\r\\n  {\\r\\n    \\"index\\": \\"R55\\",\\r\\n    \\"inputKey\\": \\"code\\"\\r\\n  },\\r\\n  {\\r\\n    \\"index\\": \\"P56\\",\\r\\n    \\"inputKey\\": \\"reportDate\\"\\r\\n  }\\r\\n]"	AK56	Приложение Б. Фотоюллюстрации	\N	"[]"	f	
14	5	"[\\r\\n  {\\r\\n    \\"index\\": \\"D5\\",\\r\\n    \\"template\\": \\"Работы по обследованию и оценке технического состояния строительных конструкции $objectType.gent.lower$, расположенного по адресу: $address$, выполнены на основании $contractType.gent.lower$ №$contractNumber$ от $contractDate$.\\\\n\\\\nРаботы выполнены в соответствии с ГОСТ 31937-2011 «Здания и сооружения. Правила обследования и мониторинга технического состояния», СП 454.1325800.2019 «Здания жилые многоквартирные. Правила оценки аварийного и ограниченно-работоспособного технического состояния», действующими строительными нормами и правилами, с использованием приборов и оборудования, отвечающих требованиям действующих государственных стандартов. Сведения о приборах и оборудовании, применяемом в процессе обследования строительных конструкций дома, см. Таблица 1.\\\\n\\\\nЦель проведения обследования - определение фактического технического состояния элементов ограждающих и несущих конструкции $objectType.gent.lower$, расположенного по адресу: $address$, с выявлением возможности дальнейшей безопасной эксплуатации\\"\\r\\n  },\\r\\n  {\\r\\n    \\"index\\": \\"R55\\",\\r\\n    \\"inputKey\\": \\"code\\"\\r\\n  },\\r\\n  {\\r\\n    \\"index\\": \\"P56\\",\\r\\n    \\"inputKey\\": \\"reportDate\\"\\r\\n  }\\r\\n]"	AK56	Введение	1	"[]"	t	
11	2	"[\\r\\n  {\\r\\n    \\"index\\": \\"C5\\",\\r\\n    \\"tableType\\": \\"content\\",\\r\\n    \\"inputKey\\": \\"content\\",\\r\\n    \\"listsCell\\": \\"AJ54\\",\\r\\n    \\"verticalGap\\": 2,\\r\\n    \\"cells\\": [\\r\\n      {\\r\\n        \\"title\\": \\"Номер раздела\\",\\r\\n        \\"key\\": \\"sectionId\\",\\r\\n        \\"width\\": 8\\r\\n      },\\r\\n      {\\r\\n        \\"title\\": \\"Наименование\\",\\r\\n        \\"key\\": \\"sectionName\\",\\r\\n        \\"width\\": 24\\r\\n      },\\r\\n      {\\r\\n        \\"title\\": \\"Лист\\",\\r\\n        \\"key\\": \\"sheetId\\",\\r\\n        \\"width\\": 5\\r\\n      }\\r\\n    ]\\r\\n  },\\r\\n  {\\r\\n    \\"index\\": \\"H53\\",\\r\\n    \\"inputKey\\": \\"developer\\"\\r\\n  },\\r\\n  {\\r\\n    \\"index\\": \\"P53\\",\\r\\n    \\"inputKey\\": \\"reportDate\\"\\r\\n  },\\r\\n  {\\r\\n    \\"index\\": \\"P56\\",\\r\\n    \\"inputKey\\": \\"reportDate\\"\\r\\n  },\\r\\n  {\\r\\n    \\"index\\": \\"P57\\",\\r\\n    \\"inputKey\\": \\"reportDate\\"\\r\\n  },\\r\\n  {\\r\\n    \\"index\\": \\"R50\\",\\r\\n    \\"inputKey\\": \\"code\\"\\r\\n  },\\r\\n  {\\r\\n    \\"index\\": \\"R53\\",\\r\\n    \\"template\\": \\"$objectType$, располож. по адресу: $address$\\"\\r\\n  }\\r\\n]"	AG54	Содержание	\N	"[]"	f	
\.


--
-- Data for Name: user_userdata; Type: TABLE DATA; Schema: public; Owner: spoural
--

COPY public.user_userdata (id, data, user_id, "dateCreated", "isReady", filename, "reportName", "uniqueId") FROM stdin;
912	{"code": "12/12ОБ-ТО", "floors": "{\\"values\\":[{\\"def\\":\\"Сломан вентилятор\\",\\"rec\\":\\"Заменить вентилятор\\"},{\\"def\\":\\"Износ ремня\\",\\"rec\\":\\"Провести диагностику ремня\\"},{\\"def\\":\\"Повреждение трубки\\",\\"rec\\":\\"Заменить трубку\\"},{\\"def\\":\\"Коррозия контактов\\",\\"rec\\":\\"Очистить и смазать контакты\\"},{\\"def\\":\\"Неисправность контроллера\\",\\"rec\\":\\"Проверить контроллер\\"}],\\"physValue\\":30,\\"condition\\":\\"c\\"}", "address": "Лечебная 16", "windows": "{\\"values\\":[{\\"def\\":\\"Протечка масла\\",\\"rec\\":\\"Заменить уплотнитель\\"},{\\"def\\":\\"Износ шестерни\\",\\"rec\\":\\"Провести диагностику шестерни\\"},{\\"def\\":\\"Повреждение изоляции\\",\\"rec\\":\\"Заменить изоляцию\\"},{\\"def\\":\\"Ржавчина на болтах\\",\\"rec\\":\\"Очистить и смазать болты\\"},{\\"def\\":\\"Неисправность мотора\\",\\"rec\\":\\"Проверить мотор\\"}],\\"physValue\\":20,\\"condition\\":\\"b\\"}", "customer": "Вонжулов НС", "floors.3": "Image — копия (3).webp", "developer": "Нестеров", "foundation": "{\\"values\\":[{\\"def\\":\\"Трещина на корпусе\\",\\"rec\\":\\"Заменить корпус\\"},{\\"def\\":\\"Износ подшипника\\",\\"rec\\":\\"Провести диагностику подшипника\\"},{\\"def\\":\\"Повреждение кабеля\\",\\"rec\\":\\"Заменить кабель\\"},{\\"def\\":\\"Коррозия металла\\",\\"rec\\":\\"Очистить и покрасить металл\\"},{\\"def\\":\\"Неисправность датчика\\",\\"rec\\":\\"Проверить датчик\\"}],\\"physValue\\":10,\\"condition\\":\\"a\\",\\"type\\":\\"Основание\\"}", "objectRoll": "Не измерялся", "objectType": "Здание", "reportDate": "01.25", "snowRegion": "I", "windRegion": "I", "checkupDate": "01.2025", "checkupType": "Техническое обследование строительных конструкций", "climateZone": "I", "dateCreated": "2027-02-18T08:05:44.081Z", "buildingForm": "Сложная", "capitalGroup": "I", "contractDate": "06.02.2025", "contractType": "Договор", "foundation.1": "Image.webp", "foundation.2": "Image — копия (4).webp", "foundation.3": "Image — копия.webp", "generalView1": "Image — копия.webp", "generalView2": "Image — копия (3).webp", "humidityZone": "Сухая", "objectStatus": "Памятник культурного наследия", "documentation": "[{\\"name\\":\\"Первый\\",\\"year\\":\\"2024\\",\\"developer\\":\\"Вонжулов Н.\\"},{\\"name\\":\\"Второй\\",\\"year\\":\\"2024\\",\\"developer\\":\\"Вонжулов Н.\\"},{\\"name\\":\\"Третий\\",\\"year\\":\\"2024\\",\\"developer\\":\\"Давыдов С.\\"}]", "objectPurpose": "Жилое", "ownerOfObject": "Нет данных", "contractNumber": "902123", "numberOfFloors": "1", "climateDistrict": "А", "constructiveType": "Бескаркасный", "objectProjectType": "Типовой", "oscillationsPeriod": "Не устанавливался", "responsibilityValue": "Нормальный", "formOfOwnershipObject": "Не устанавливалась", "yearAndNatureOfRepair": "Нет данных", "objectConstructionYear": "Нет данных", "objectProjectOrganization": "Нет данных", "technicalCategoryOfObject": "Работоспособное техническое состояние", "objectBuildingOrganization": "Нет данных"}	1	2025-02-26 11:44:16.870843+00	1	Lechebnaja-20	Лечебная 20	52ba3655-db85-4bdf-bac6-0d8bca882e7c
913	{"code": "12/12ОБ-ТО", "floors": "{\\"values\\":[{\\"def\\":\\"Сломан вентилятор\\",\\"rec\\":\\"Заменить вентилятор\\"},{\\"def\\":\\"Износ ремня\\",\\"rec\\":\\"Провести диагностику ремня\\"},{\\"def\\":\\"Повреждение трубки\\",\\"rec\\":\\"Заменить трубку\\"},{\\"def\\":\\"Коррозия контактов\\",\\"rec\\":\\"Очистить и смазать контакты\\"},{\\"def\\":\\"Неисправность контроллера\\",\\"rec\\":\\"Проверить контроллер\\"}],\\"physValue\\":30,\\"condition\\":\\"c\\"}", "address": "Лечебная 16", "windows": "{\\"values\\":[{\\"def\\":\\"Протечка масла\\",\\"rec\\":\\"Заменить уплотнитель\\"},{\\"def\\":\\"Износ шестерни\\",\\"rec\\":\\"Провести диагностику шестерни\\"},{\\"def\\":\\"Повреждение изоляции\\",\\"rec\\":\\"Заменить изоляцию\\"},{\\"def\\":\\"Ржавчина на болтах\\",\\"rec\\":\\"Очистить и смазать болты\\"},{\\"def\\":\\"Неисправность мотора\\",\\"rec\\":\\"Проверить мотор\\"}],\\"physValue\\":20,\\"condition\\":\\"b\\"}", "customer": "Вонжулов НС", "floors.3": "Image — копия (3).webp", "developer": "Нестеров", "foundation": "{\\"values\\":[{\\"def\\":\\"Трещина на корпусе\\",\\"rec\\":\\"Заменить корпус\\"},{\\"def\\":\\"Износ подшипника\\",\\"rec\\":\\"Провести диагностику подшипника\\"},{\\"def\\":\\"Повреждение кабеля\\",\\"rec\\":\\"Заменить кабель\\"},{\\"def\\":\\"Коррозия металла\\",\\"rec\\":\\"Очистить и покрасить металл\\"},{\\"def\\":\\"Неисправность датчика\\",\\"rec\\":\\"Проверить датчик\\"}],\\"physValue\\":10,\\"condition\\":\\"a\\",\\"type\\":\\"Основание\\"}", "objectRoll": "Не измерялся", "objectType": "Здание", "reportDate": "01.25", "snowRegion": "I", "windRegion": "I", "checkupDate": "01.2025", "checkupType": "Техническое обследование строительных конструкций", "climateZone": "I", "dateCreated": "2027-02-18T08:05:44.081Z", "buildingForm": "Сложная", "capitalGroup": "I", "contractDate": "06.02.2025", "contractType": "Договор", "foundation.1": "Image.webp", "foundation.2": "Image — копия (4).webp", "foundation.3": "Image — копия.webp", "generalView1": "Image — копия.webp", "generalView2": "Image — копия (3).webp", "humidityZone": "Сухая", "objectStatus": "Памятник культурного наследия", "documentation": "[{\\"name\\":\\"Первый\\",\\"year\\":\\"2024\\",\\"developer\\":\\"Вонжулов Н.\\"},{\\"name\\":\\"Второй\\",\\"year\\":\\"2024\\",\\"developer\\":\\"Вонжулов Н.\\"},{\\"name\\":\\"Третий\\",\\"year\\":\\"2024\\",\\"developer\\":\\"Давыдов С.\\"}]", "objectPurpose": "Жилое", "ownerOfObject": "Нет данных", "contractNumber": "902123", "numberOfFloors": "1", "climateDistrict": "А", "constructiveType": "Бескаркасный", "objectProjectType": "Типовой", "oscillationsPeriod": "Не устанавливался", "responsibilityValue": "Нормальный", "formOfOwnershipObject": "Не устанавливалась", "yearAndNatureOfRepair": "Нет данных", "objectConstructionYear": "Нет данных", "objectProjectOrganization": "Нет данных", "technicalCategoryOfObject": "Работоспособное техническое состояние", "objectBuildingOrganization": "Нет данных"}	1	2025-02-26 11:50:55.697078+00	1	Lechebnaja-20	Лечебная 20	119aa496-ab98-48df-a09d-6a14fea8d16e
914	{"code": "12/12ОБ-ТО", "floors": "{\\"values\\":[{\\"def\\":\\"Сломан вентилятор\\",\\"rec\\":\\"Заменить вентилятор\\"},{\\"def\\":\\"Износ ремня\\",\\"rec\\":\\"Провести диагностику ремня\\"},{\\"def\\":\\"Повреждение трубки\\",\\"rec\\":\\"Заменить трубку\\"},{\\"def\\":\\"Коррозия контактов\\",\\"rec\\":\\"Очистить и смазать контакты\\"},{\\"def\\":\\"Неисправность контроллера\\",\\"rec\\":\\"Проверить контроллер\\"}],\\"physValue\\":30,\\"condition\\":\\"c\\"}", "address": "Лечебная 16", "windows": "{\\"values\\":[{\\"def\\":\\"Протечка масла\\",\\"rec\\":\\"Заменить уплотнитель\\"},{\\"def\\":\\"Износ шестерни\\",\\"rec\\":\\"Провести диагностику шестерни\\"},{\\"def\\":\\"Повреждение изоляции\\",\\"rec\\":\\"Заменить изоляцию\\"},{\\"def\\":\\"Ржавчина на болтах\\",\\"rec\\":\\"Очистить и смазать болты\\"},{\\"def\\":\\"Неисправность мотора\\",\\"rec\\":\\"Проверить мотор\\"}],\\"physValue\\":20,\\"condition\\":\\"b\\"}", "customer": "Вонжулов НС", "floors.3": "Image — копия (3).webp", "developer": "Нестеров", "foundation": "{\\"values\\":[{\\"def\\":\\"Трещина на корпусе\\",\\"rec\\":\\"Заменить корпус\\"},{\\"def\\":\\"Износ подшипника\\",\\"rec\\":\\"Провести диагностику подшипника\\"},{\\"def\\":\\"Повреждение кабеля\\",\\"rec\\":\\"Заменить кабель\\"},{\\"def\\":\\"Коррозия металла\\",\\"rec\\":\\"Очистить и покрасить металл\\"},{\\"def\\":\\"Неисправность датчика\\",\\"rec\\":\\"Проверить датчик\\"}],\\"physValue\\":10,\\"condition\\":\\"a\\",\\"type\\":\\"Основание\\"}", "objectRoll": "Не измерялся", "objectType": "Здание", "reportDate": "01.25", "snowRegion": "I", "windRegion": "I", "checkupDate": "01.2025", "checkupType": "Техническое обследование строительных конструкций", "climateZone": "I", "dateCreated": "2027-02-18T08:05:44.081Z", "buildingForm": "Сложная", "capitalGroup": "I", "contractDate": "06.02.2025", "contractType": "Договор", "foundation.1": "Image.webp", "foundation.2": "Image — копия (4).webp", "foundation.3": "Image — копия.webp", "generalView1": "Image — копия.webp", "generalView2": "Image — копия (3).webp", "humidityZone": "Сухая", "objectStatus": "Памятник культурного наследия", "documentation": "[{\\"name\\":\\"Первый\\",\\"year\\":\\"2024\\",\\"developer\\":\\"Вонжулов Н.\\"},{\\"name\\":\\"Второй\\",\\"year\\":\\"2024\\",\\"developer\\":\\"Вонжулов Н.\\"},{\\"name\\":\\"Третий\\",\\"year\\":\\"2024\\",\\"developer\\":\\"Давыдов С.\\"}]", "objectPurpose": "Жилое", "ownerOfObject": "Нет данных", "contractNumber": "902123", "numberOfFloors": "1", "climateDistrict": "А", "constructiveType": "Бескаркасный", "objectProjectType": "Типовой", "oscillationsPeriod": "Не устанавливался", "responsibilityValue": "Нормальный", "formOfOwnershipObject": "Не устанавливалась", "yearAndNatureOfRepair": "Нет данных", "objectConstructionYear": "Нет данных", "objectProjectOrganization": "Нет данных", "technicalCategoryOfObject": "Работоспособное техническое состояние", "objectBuildingOrganization": "Нет данных"}	1	2025-02-26 11:52:49.841431+00	1	Lechebnaja-20	Лечебная 20	0a4fe9c5-199e-4040-9186-9ff0af7abdb7
915	{"code": "12/12ОБ-ТО", "floors": "{\\"values\\":[{\\"def\\":\\"Сломан вентилятор\\",\\"rec\\":\\"Заменить вентилятор\\"},{\\"def\\":\\"Износ ремня\\",\\"rec\\":\\"Провести диагностику ремня\\"},{\\"def\\":\\"Повреждение трубки\\",\\"rec\\":\\"Заменить трубку\\"},{\\"def\\":\\"Коррозия контактов\\",\\"rec\\":\\"Очистить и смазать контакты\\"},{\\"def\\":\\"Неисправность контроллера\\",\\"rec\\":\\"Проверить контроллер\\"}],\\"physValue\\":30,\\"condition\\":\\"c\\"}", "address": "Лечебная 16", "windows": "{\\"values\\":[{\\"def\\":\\"Протечка масла\\",\\"rec\\":\\"Заменить уплотнитель\\"},{\\"def\\":\\"Износ шестерни\\",\\"rec\\":\\"Провести диагностику шестерни\\"},{\\"def\\":\\"Повреждение изоляции\\",\\"rec\\":\\"Заменить изоляцию\\"},{\\"def\\":\\"Ржавчина на болтах\\",\\"rec\\":\\"Очистить и смазать болты\\"},{\\"def\\":\\"Неисправность мотора\\",\\"rec\\":\\"Проверить мотор\\"}],\\"physValue\\":20,\\"condition\\":\\"b\\"}", "customer": "Вонжулов НС", "floors.3": "Image — копия (3).webp", "developer": "Нестеров", "foundation": "{\\"values\\":[{\\"def\\":\\"Трещина на корпусе\\",\\"rec\\":\\"Заменить корпус\\"},{\\"def\\":\\"Износ подшипника\\",\\"rec\\":\\"Провести диагностику подшипника\\"},{\\"def\\":\\"Повреждение кабеля\\",\\"rec\\":\\"Заменить кабель\\"},{\\"def\\":\\"Коррозия металла\\",\\"rec\\":\\"Очистить и покрасить металл\\"},{\\"def\\":\\"Неисправность датчика\\",\\"rec\\":\\"Проверить датчик\\"}],\\"physValue\\":10,\\"condition\\":\\"a\\",\\"type\\":\\"Основание\\"}", "objectRoll": "Не измерялся", "objectType": "Здание", "reportDate": "01.25", "snowRegion": "I", "windRegion": "I", "checkupDate": "01.2025", "checkupType": "Техническое обследование строительных конструкций", "climateZone": "I", "dateCreated": "2027-02-18T08:05:44.081Z", "buildingForm": "Сложная", "capitalGroup": "I", "contractDate": "06.02.2025", "contractType": "Договор", "foundation.1": "Image.webp", "foundation.2": "Image — копия (4).webp", "foundation.3": "Image — копия.webp", "generalView1": "Image — копия.webp", "generalView2": "Image — копия (3).webp", "humidityZone": "Сухая", "objectStatus": "Памятник культурного наследия", "documentation": "[{\\"name\\":\\"Первый\\",\\"year\\":\\"2024\\",\\"developer\\":\\"Вонжулов Н.\\"},{\\"name\\":\\"Второй\\",\\"year\\":\\"2024\\",\\"developer\\":\\"Вонжулов Н.\\"},{\\"name\\":\\"Третий\\",\\"year\\":\\"2024\\",\\"developer\\":\\"Давыдов С.\\"}]", "objectPurpose": "Жилое", "ownerOfObject": "Нет данных", "contractNumber": "902123", "numberOfFloors": "1", "climateDistrict": "А", "constructiveType": "Бескаркасный", "objectProjectType": "Типовой", "oscillationsPeriod": "Не устанавливался", "responsibilityValue": "Нормальный", "formOfOwnershipObject": "Не устанавливалась", "yearAndNatureOfRepair": "Нет данных", "objectConstructionYear": "Нет данных", "objectProjectOrganization": "Нет данных", "technicalCategoryOfObject": "Работоспособное техническое состояние", "objectBuildingOrganization": "Нет данных"}	1	2025-02-26 11:56:39.592483+00	1	Lechebnaja-20	Лечебная 20	57ce2018-7fe9-4958-b0d2-4ce09721f6b5
916	{"code": "12/12ОБ-ТО", "floors": "{\\"values\\":[{\\"def\\":\\"Сломан вентилятор\\",\\"rec\\":\\"Заменить вентилятор\\"},{\\"def\\":\\"Износ ремня\\",\\"rec\\":\\"Провести диагностику ремня\\"},{\\"def\\":\\"Повреждение трубки\\",\\"rec\\":\\"Заменить трубку\\"},{\\"def\\":\\"Коррозия контактов\\",\\"rec\\":\\"Очистить и смазать контакты\\"},{\\"def\\":\\"Неисправность контроллера\\",\\"rec\\":\\"Проверить контроллер\\"}],\\"physValue\\":30,\\"condition\\":\\"c\\"}", "address": "Лечебная 16", "windows": "{\\"values\\":[{\\"def\\":\\"Протечка масла\\",\\"rec\\":\\"Заменить уплотнитель\\"},{\\"def\\":\\"Износ шестерни\\",\\"rec\\":\\"Провести диагностику шестерни\\"},{\\"def\\":\\"Повреждение изоляции\\",\\"rec\\":\\"Заменить изоляцию\\"},{\\"def\\":\\"Ржавчина на болтах\\",\\"rec\\":\\"Очистить и смазать болты\\"},{\\"def\\":\\"Неисправность мотора\\",\\"rec\\":\\"Проверить мотор\\"}],\\"physValue\\":20,\\"condition\\":\\"b\\"}", "customer": "Вонжулов НС", "floors.3": "Image — копия (3).webp", "developer": "Нестеров", "foundation": "{\\"values\\":[{\\"def\\":\\"Трещина на корпусе\\",\\"rec\\":\\"Заменить корпус\\"},{\\"def\\":\\"Износ подшипника\\",\\"rec\\":\\"Провести диагностику подшипника\\"},{\\"def\\":\\"Повреждение кабеля\\",\\"rec\\":\\"Заменить кабель\\"},{\\"def\\":\\"Коррозия металла\\",\\"rec\\":\\"Очистить и покрасить металл\\"},{\\"def\\":\\"Неисправность датчика\\",\\"rec\\":\\"Проверить датчик\\"}],\\"physValue\\":10,\\"condition\\":\\"a\\",\\"type\\":\\"Основание\\"}", "objectRoll": "Не измерялся", "objectType": "Здание", "reportDate": "01.25", "snowRegion": "I", "windRegion": "I", "checkupDate": "01.2025", "checkupType": "Техническое обследование строительных конструкций", "climateZone": "I", "dateCreated": "2027-02-18T08:05:44.081Z", "buildingForm": "Сложная", "capitalGroup": "I", "contractDate": "06.02.2025", "contractType": "Договор", "foundation.1": "Image.webp", "foundation.2": "Image — копия (4).webp", "foundation.3": "Image — копия.webp", "generalView1": "Image — копия.webp", "generalView2": "Image — копия (3).webp", "humidityZone": "Сухая", "objectStatus": "Памятник культурного наследия", "documentation": "[{\\"name\\":\\"Первый\\",\\"year\\":\\"2024\\",\\"developer\\":\\"Вонжулов Н.\\"},{\\"name\\":\\"Второй\\",\\"year\\":\\"2024\\",\\"developer\\":\\"Вонжулов Н.\\"},{\\"name\\":\\"Третий\\",\\"year\\":\\"2024\\",\\"developer\\":\\"Давыдов С.\\"}]", "objectPurpose": "Жилое", "ownerOfObject": "Нет данных", "contractNumber": "902123", "numberOfFloors": "1", "climateDistrict": "А", "constructiveType": "Бескаркасный", "objectProjectType": "Типовой", "oscillationsPeriod": "Не устанавливался", "responsibilityValue": "Нормальный", "formOfOwnershipObject": "Не устанавливалась", "yearAndNatureOfRepair": "Нет данных", "objectConstructionYear": "Нет данных", "objectProjectOrganization": "Нет данных", "technicalCategoryOfObject": "Работоспособное техническое состояние", "objectBuildingOrganization": "Нет данных"}	1	2025-02-26 11:58:41.514476+00	1	Lechebnaja-20	Лечебная 20	8986c5cd-42b0-426e-bda2-74533df4cef8
917	{"code": "12/12ОБ-ТО", "floors": "{\\"values\\":[{\\"def\\":\\"Сломан вентилятор\\",\\"rec\\":\\"Заменить вентилятор\\"},{\\"def\\":\\"Износ ремня\\",\\"rec\\":\\"Провести диагностику ремня\\"},{\\"def\\":\\"Повреждение трубки\\",\\"rec\\":\\"Заменить трубку\\"},{\\"def\\":\\"Коррозия контактов\\",\\"rec\\":\\"Очистить и смазать контакты\\"},{\\"def\\":\\"Неисправность контроллера\\",\\"rec\\":\\"Проверить контроллер\\"}],\\"physValue\\":30,\\"condition\\":\\"c\\"}", "address": "Лечебная 16", "windows": "{\\"values\\":[{\\"def\\":\\"Протечка масла\\",\\"rec\\":\\"Заменить уплотнитель\\"},{\\"def\\":\\"Износ шестерни\\",\\"rec\\":\\"Провести диагностику шестерни\\"},{\\"def\\":\\"Повреждение изоляции\\",\\"rec\\":\\"Заменить изоляцию\\"},{\\"def\\":\\"Ржавчина на болтах\\",\\"rec\\":\\"Очистить и смазать болты\\"},{\\"def\\":\\"Неисправность мотора\\",\\"rec\\":\\"Проверить мотор\\"}],\\"physValue\\":20,\\"condition\\":\\"b\\"}", "customer": "Вонжулов НС", "floors.3": "Image — копия (3).webp", "developer": "Нестеров", "foundation": "{\\"values\\":[{\\"def\\":\\"Трещина на корпусе\\",\\"rec\\":\\"Заменить корпус\\"},{\\"def\\":\\"Износ подшипника\\",\\"rec\\":\\"Провести диагностику подшипника\\"},{\\"def\\":\\"Повреждение кабеля\\",\\"rec\\":\\"Заменить кабель\\"},{\\"def\\":\\"Коррозия металла\\",\\"rec\\":\\"Очистить и покрасить металл\\"},{\\"def\\":\\"Неисправность датчика\\",\\"rec\\":\\"Проверить датчик\\"}],\\"physValue\\":10,\\"condition\\":\\"a\\",\\"type\\":\\"Основание\\"}", "objectRoll": "Не измерялся", "objectType": "Здание", "reportDate": "01.25", "snowRegion": "I", "windRegion": "I", "checkupDate": "01.2025", "checkupType": "Техническое обследование строительных конструкций", "climateZone": "I", "dateCreated": "2027-02-18T08:05:44.081Z", "buildingForm": "Сложная", "capitalGroup": "I", "contractDate": "06.02.2025", "contractType": "Договор", "foundation.1": "Image.webp", "foundation.2": "Image — копия (4).webp", "foundation.3": "Image — копия.webp", "generalView1": "Image — копия.webp", "generalView2": "Image — копия (3).webp", "humidityZone": "Сухая", "objectStatus": "Памятник культурного наследия", "documentation": "[{\\"name\\":\\"Первый\\",\\"year\\":\\"2024\\",\\"developer\\":\\"Вонжулов Н.\\"},{\\"name\\":\\"Второй\\",\\"year\\":\\"2024\\",\\"developer\\":\\"Вонжулов Н.\\"},{\\"name\\":\\"Третий\\",\\"year\\":\\"2024\\",\\"developer\\":\\"Давыдов С.\\"}]", "objectPurpose": "Жилое", "ownerOfObject": "Нет данных", "contractNumber": "902123", "numberOfFloors": "1", "climateDistrict": "А", "constructiveType": "Бескаркасный", "objectProjectType": "Типовой", "oscillationsPeriod": "Не устанавливался", "responsibilityValue": "Нормальный", "formOfOwnershipObject": "Не устанавливалась", "yearAndNatureOfRepair": "Нет данных", "objectConstructionYear": "Нет данных", "objectProjectOrganization": "Нет данных", "technicalCategoryOfObject": "Работоспособное техническое состояние", "objectBuildingOrganization": "Нет данных"}	1	2025-02-26 12:08:24.413015+00	1	Lechebnaja-20	Лечебная 20	9948d542-2d12-496d-b42f-79d5e7df6050
918	{"code": "12/12ОБ-ТО", "floors": "{\\"values\\":[{\\"def\\":\\"Сломан вентилятор\\",\\"rec\\":\\"Заменить вентилятор\\"},{\\"def\\":\\"Износ ремня\\",\\"rec\\":\\"Провести диагностику ремня\\"},{\\"def\\":\\"Повреждение трубки\\",\\"rec\\":\\"Заменить трубку\\"},{\\"def\\":\\"Коррозия контактов\\",\\"rec\\":\\"Очистить и смазать контакты\\"},{\\"def\\":\\"Неисправность контроллера\\",\\"rec\\":\\"Проверить контроллер\\"}],\\"physValue\\":30,\\"condition\\":\\"c\\"}", "address": "Лечебная 16", "windows": "{\\"values\\":[{\\"def\\":\\"Протечка масла\\",\\"rec\\":\\"Заменить уплотнитель\\"},{\\"def\\":\\"Износ шестерни\\",\\"rec\\":\\"Провести диагностику шестерни\\"},{\\"def\\":\\"Повреждение изоляции\\",\\"rec\\":\\"Заменить изоляцию\\"},{\\"def\\":\\"Ржавчина на болтах\\",\\"rec\\":\\"Очистить и смазать болты\\"},{\\"def\\":\\"Неисправность мотора\\",\\"rec\\":\\"Проверить мотор\\"}],\\"physValue\\":20,\\"condition\\":\\"b\\"}", "customer": "Вонжулов НС", "floors.3": "Image — копия (3).webp", "developer": "Нестеров", "foundation": "{\\"values\\":[{\\"def\\":\\"Трещина на корпусе\\",\\"rec\\":\\"Заменить корпус\\"},{\\"def\\":\\"Износ подшипника\\",\\"rec\\":\\"Провести диагностику подшипника\\"},{\\"def\\":\\"Повреждение кабеля\\",\\"rec\\":\\"Заменить кабель\\"},{\\"def\\":\\"Коррозия металла\\",\\"rec\\":\\"Очистить и покрасить металл\\"},{\\"def\\":\\"Неисправность датчика\\",\\"rec\\":\\"Проверить датчик\\"}],\\"physValue\\":10,\\"condition\\":\\"a\\",\\"type\\":\\"Основание\\"}", "objectRoll": "Не измерялся", "objectType": "Здание", "reportDate": "01.25", "snowRegion": "I", "windRegion": "I", "checkupDate": "01.2025", "checkupType": "Техническое обследование строительных конструкций", "climateZone": "I", "dateCreated": "2027-02-18T08:05:44.081Z", "buildingForm": "Сложная", "capitalGroup": "I", "contractDate": "06.02.2025", "contractType": "Договор", "foundation.1": "Image.webp", "foundation.2": "Image — копия (4).webp", "foundation.3": "Image — копия.webp", "generalView1": "Image — копия.webp", "generalView2": "Image — копия (3).webp", "humidityZone": "Сухая", "objectStatus": "Памятник культурного наследия", "documentation": "[{\\"name\\":\\"Первый\\",\\"year\\":\\"2024\\",\\"developer\\":\\"Вонжулов Н.\\"},{\\"name\\":\\"Второй\\",\\"year\\":\\"2024\\",\\"developer\\":\\"Вонжулов Н.\\"},{\\"name\\":\\"Третий\\",\\"year\\":\\"2024\\",\\"developer\\":\\"Давыдов С.\\"}]", "objectPurpose": "Жилое", "ownerOfObject": "Нет данных", "contractNumber": "902123", "numberOfFloors": "1", "climateDistrict": "А", "constructiveType": "Бескаркасный", "objectProjectType": "Типовой", "oscillationsPeriod": "Не устанавливался", "responsibilityValue": "Нормальный", "formOfOwnershipObject": "Не устанавливалась", "yearAndNatureOfRepair": "Нет данных", "objectConstructionYear": "Нет данных", "objectProjectOrganization": "Нет данных", "technicalCategoryOfObject": "Работоспособное техническое состояние", "objectBuildingOrganization": "Нет данных"}	1	2025-02-26 12:09:44.413213+00	1	Lechebnaja-20	Лечебная 20	f61ae898-d2ed-42be-b970-c0da85e17f25
919	{"code": "12/12ОБ-ТО", "floors": "{\\"values\\":[{\\"def\\":\\"Сломан вентилятор\\",\\"rec\\":\\"Заменить вентилятор\\"},{\\"def\\":\\"Износ ремня\\",\\"rec\\":\\"Провести диагностику ремня\\"},{\\"def\\":\\"Повреждение трубки\\",\\"rec\\":\\"Заменить трубку\\"},{\\"def\\":\\"Коррозия контактов\\",\\"rec\\":\\"Очистить и смазать контакты\\"},{\\"def\\":\\"Неисправность контроллера\\",\\"rec\\":\\"Проверить контроллер\\"}],\\"physValue\\":30,\\"condition\\":\\"c\\"}", "address": "Лечебная 16", "windows": "{\\"values\\":[{\\"def\\":\\"Протечка масла\\",\\"rec\\":\\"Заменить уплотнитель\\"},{\\"def\\":\\"Износ шестерни\\",\\"rec\\":\\"Провести диагностику шестерни\\"},{\\"def\\":\\"Повреждение изоляции\\",\\"rec\\":\\"Заменить изоляцию\\"},{\\"def\\":\\"Ржавчина на болтах\\",\\"rec\\":\\"Очистить и смазать болты\\"},{\\"def\\":\\"Неисправность мотора\\",\\"rec\\":\\"Проверить мотор\\"}],\\"physValue\\":20,\\"condition\\":\\"b\\"}", "customer": "Вонжулов НС", "floors.3": "Image — копия (3).webp", "developer": "Нестеров", "foundation": "{\\"values\\":[{\\"def\\":\\"Трещина на корпусе\\",\\"rec\\":\\"Заменить корпус\\"},{\\"def\\":\\"Износ подшипника\\",\\"rec\\":\\"Провести диагностику подшипника\\"},{\\"def\\":\\"Повреждение кабеля\\",\\"rec\\":\\"Заменить кабель\\"},{\\"def\\":\\"Коррозия металла\\",\\"rec\\":\\"Очистить и покрасить металл\\"},{\\"def\\":\\"Неисправность датчика\\",\\"rec\\":\\"Проверить датчик\\"}],\\"physValue\\":10,\\"condition\\":\\"a\\",\\"type\\":\\"Основание\\"}", "objectRoll": "Не измерялся", "objectType": "Здание", "reportDate": "01.25", "snowRegion": "I", "windRegion": "I", "checkupDate": "01.2025", "checkupType": "Техническое обследование строительных конструкций", "climateZone": "I", "dateCreated": "2027-02-18T08:05:44.081Z", "buildingForm": "Сложная", "capitalGroup": "I", "contractDate": "06.02.2025", "contractType": "Договор", "foundation.1": "Image.webp", "foundation.2": "Image — копия (4).webp", "foundation.3": "Image — копия.webp", "generalView1": "Image — копия.webp", "generalView2": "Image — копия (3).webp", "humidityZone": "Сухая", "objectStatus": "Памятник культурного наследия", "documentation": "[{\\"name\\":\\"Первый\\",\\"year\\":\\"2024\\",\\"developer\\":\\"Вонжулов Н.\\"},{\\"name\\":\\"Второй\\",\\"year\\":\\"2024\\",\\"developer\\":\\"Вонжулов Н.\\"},{\\"name\\":\\"Третий\\",\\"year\\":\\"2024\\",\\"developer\\":\\"Давыдов С.\\"}]", "objectPurpose": "Жилое", "ownerOfObject": "Нет данных", "contractNumber": "902123", "numberOfFloors": "1", "climateDistrict": "А", "constructiveType": "Бескаркасный", "objectProjectType": "Типовой", "oscillationsPeriod": "Не устанавливался", "responsibilityValue": "Нормальный", "formOfOwnershipObject": "Не устанавливалась", "yearAndNatureOfRepair": "Нет данных", "objectConstructionYear": "Нет данных", "objectProjectOrganization": "Нет данных", "technicalCategoryOfObject": "Работоспособное техническое состояние", "objectBuildingOrganization": "Нет данных"}	1	2025-02-26 12:11:58.355233+00	1	Lechebnaja-20	Лечебная 20	4d3e5329-4503-47f9-962a-d33b85381dda
920	{"code": "12/12ОБ-ТО", "floors": "{\\"values\\":[{\\"def\\":\\"Сломан вентилятор\\",\\"rec\\":\\"Заменить вентилятор\\"},{\\"def\\":\\"Износ ремня\\",\\"rec\\":\\"Провести диагностику ремня\\"},{\\"def\\":\\"Повреждение трубки\\",\\"rec\\":\\"Заменить трубку\\"},{\\"def\\":\\"Коррозия контактов\\",\\"rec\\":\\"Очистить и смазать контакты\\"},{\\"def\\":\\"Неисправность контроллера\\",\\"rec\\":\\"Проверить контроллер\\"}],\\"physValue\\":30,\\"condition\\":\\"c\\"}", "address": "Лечебная 16", "windows": "{\\"values\\":[{\\"def\\":\\"Протечка масла\\",\\"rec\\":\\"Заменить уплотнитель\\"},{\\"def\\":\\"Износ шестерни\\",\\"rec\\":\\"Провести диагностику шестерни\\"},{\\"def\\":\\"Повреждение изоляции\\",\\"rec\\":\\"Заменить изоляцию\\"},{\\"def\\":\\"Ржавчина на болтах\\",\\"rec\\":\\"Очистить и смазать болты\\"},{\\"def\\":\\"Неисправность мотора\\",\\"rec\\":\\"Проверить мотор\\"}],\\"physValue\\":20,\\"condition\\":\\"b\\"}", "customer": "Вонжулов НС", "floors.3": "Image — копия (3).webp", "developer": "Нестеров", "foundation": "{\\"values\\":[{\\"def\\":\\"Трещина на корпусе\\",\\"rec\\":\\"Заменить корпус\\"},{\\"def\\":\\"Износ подшипника\\",\\"rec\\":\\"Провести диагностику подшипника\\"},{\\"def\\":\\"Повреждение кабеля\\",\\"rec\\":\\"Заменить кабель\\"},{\\"def\\":\\"Коррозия металла\\",\\"rec\\":\\"Очистить и покрасить металл\\"},{\\"def\\":\\"Неисправность датчика\\",\\"rec\\":\\"Проверить датчик\\"}],\\"physValue\\":10,\\"condition\\":\\"a\\",\\"type\\":\\"Основание\\"}", "objectRoll": "Не измерялся", "objectType": "Здание", "reportDate": "01.25", "snowRegion": "I", "windRegion": "I", "checkupDate": "01.2025", "checkupType": "Техническое обследование строительных конструкций", "climateZone": "I", "dateCreated": "2027-02-18T08:05:44.081Z", "buildingForm": "Сложная", "capitalGroup": "I", "contractDate": "06.02.2025", "contractType": "Договор", "foundation.1": "Image.webp", "foundation.2": "Image — копия (4).webp", "foundation.3": "Image — копия.webp", "generalView1": "Image — копия.webp", "generalView2": "Image — копия (3).webp", "humidityZone": "Сухая", "objectStatus": "Памятник культурного наследия", "documentation": "[{\\"name\\":\\"Первый\\",\\"year\\":\\"2024\\",\\"developer\\":\\"Вонжулов Н.\\"},{\\"name\\":\\"Второй\\",\\"year\\":\\"2024\\",\\"developer\\":\\"Вонжулов Н.\\"},{\\"name\\":\\"Третий\\",\\"year\\":\\"2024\\",\\"developer\\":\\"Давыдов С.\\"}]", "objectPurpose": "Жилое", "ownerOfObject": "Нет данных", "contractNumber": "902123", "numberOfFloors": "1", "climateDistrict": "А", "constructiveType": "Бескаркасный", "objectProjectType": "Типовой", "oscillationsPeriod": "Не устанавливался", "responsibilityValue": "Нормальный", "formOfOwnershipObject": "Не устанавливалась", "yearAndNatureOfRepair": "Нет данных", "objectConstructionYear": "Нет данных", "objectProjectOrganization": "Нет данных", "technicalCategoryOfObject": "Работоспособное техническое состояние", "objectBuildingOrganization": "Нет данных"}	1	2025-02-26 12:14:12.649965+00	1	Lechebnaja-20	Лечебная 20	5b0eedc4-79b0-43ec-aa0b-e1b2a6f15870
911	{"code": "12/12ОБ-ТО", "floors": "{\\"values\\":[{\\"def\\":\\"Сломан вентилятор\\",\\"rec\\":\\"Заменить вентилятор\\"},{\\"def\\":\\"Износ ремня\\",\\"rec\\":\\"Провести диагностику ремня\\"},{\\"def\\":\\"Повреждение трубки\\",\\"rec\\":\\"Заменить трубку\\"},{\\"def\\":\\"Коррозия контактов\\",\\"rec\\":\\"Очистить и смазать контакты\\"},{\\"def\\":\\"Неисправность контроллера\\",\\"rec\\":\\"Проверить контроллер\\"}],\\"physValue\\":30,\\"condition\\":\\"c\\"}", "address": "Лечебная 16", "windows": "{\\"values\\":[{\\"def\\":\\"Протечка масла\\",\\"rec\\":\\"Заменить уплотнитель\\"},{\\"def\\":\\"Износ шестерни\\",\\"rec\\":\\"Провести диагностику шестерни\\"},{\\"def\\":\\"Повреждение изоляции\\",\\"rec\\":\\"Заменить изоляцию\\"},{\\"def\\":\\"Ржавчина на болтах\\",\\"rec\\":\\"Очистить и смазать болты\\"},{\\"def\\":\\"Неисправность мотора\\",\\"rec\\":\\"Проверить мотор\\"}],\\"physValue\\":20,\\"condition\\":\\"b\\"}", "customer": "Вонжулов НС", "floors.3": "Image — копия (3).webp", "developer": "Нестеров", "foundation": "{\\"values\\":[{\\"def\\":\\"Трещина на корпусе\\",\\"rec\\":\\"Заменить корпус\\"},{\\"def\\":\\"Износ подшипника\\",\\"rec\\":\\"Провести диагностику подшипника\\"},{\\"def\\":\\"Повреждение кабеля\\",\\"rec\\":\\"Заменить кабель\\"},{\\"def\\":\\"Коррозия металла\\",\\"rec\\":\\"Очистить и покрасить металл\\"},{\\"def\\":\\"Неисправность датчика\\",\\"rec\\":\\"Проверить датчик\\"}],\\"physValue\\":10,\\"condition\\":\\"a\\",\\"type\\":\\"Основание\\"}", "objectRoll": "Не измерялся", "objectType": "Здание", "reportDate": "01.25", "snowRegion": "I", "windRegion": "I", "checkupDate": "01.2025", "checkupType": "Техническое обследование строительных конструкций", "climateZone": "I", "dateCreated": "2027-02-18T08:05:44.081Z", "buildingForm": "Сложная", "capitalGroup": "I", "contractDate": "06.02.2025", "contractType": "Договор", "foundation.1": "Image.webp", "foundation.2": "Image — копия (4).webp", "foundation.3": "Image — копия.webp", "generalView1": "Image — копия.webp", "generalView2": "Image — копия (3).webp", "humidityZone": "Сухая", "objectStatus": "Памятник культурного наследия", "documentation": "[{\\"name\\":\\"Первый\\",\\"year\\":\\"2024\\",\\"developer\\":\\"Вонжулов Н.\\"},{\\"name\\":\\"Второй\\",\\"year\\":\\"2024\\",\\"developer\\":\\"Вонжулов Н.\\"},{\\"name\\":\\"Третий\\",\\"year\\":\\"2024\\",\\"developer\\":\\"Давыдов С.\\"}]", "objectPurpose": "Жилое", "ownerOfObject": "Нет данных", "contractNumber": "902123", "numberOfFloors": "1", "climateDistrict": "А", "constructiveType": "Бескаркасный", "objectProjectType": "Типовой", "oscillationsPeriod": "Не устанавливался", "responsibilityValue": "Нормальный", "formOfOwnershipObject": "Не устанавливалась", "yearAndNatureOfRepair": "Нет данных", "objectConstructionYear": "Нет данных", "objectProjectOrganization": "Нет данных", "technicalCategoryOfObject": "Работоспособное техническое состояние", "objectBuildingOrganization": "Нет данных"}	1	2025-02-26 11:43:26.005761+00	1	Lechebnaja-20	Лечебная 20	5ec5514a-ea19-4bea-9128-35adfa743494
\.


--
-- Data for Name: user_userdatafile; Type: TABLE DATA; Schema: public; Owner: spoural
--

COPY public.user_userdatafile (id, file, key, user_data_id) FROM stdin;
1053	user_images/Lechebnaja-20/Image__копия_2_oVi8zxZ.webp	foundation.2	911
1054	user_images/Lechebnaja-20/Image__копия_4_areJRAp.webp	foundation.2	911
1055	user_images/Lechebnaja-20/Image__копия_3_EWFYwB3.webp	floors.3	911
1056	user_images/Lechebnaja-20/Image__копия_4_oUSVLJ4.webp	generalView1	911
1057	user_images/Lechebnaja-20/Image__копия_GElOCPv.webp	generalView1	911
1058	user_images/Lechebnaja-20/Image_POBIbAD.webp	foundation.1	911
1059	user_images/Lechebnaja-20/Image__копия_2_clgtlCT.webp	generalView2	911
1060	user_images/Lechebnaja-20/Image__копия_3_WeKb5wG.webp	generalView2	911
1061	user_images/Lechebnaja-20/Image__копия_dnkj95m.webp	foundation.3	911
1062	user_images/Lechebnaja-20/Image__копия_2_mpfGgbp.webp	foundation.2	912
1063	user_images/Lechebnaja-20/Image__копия_4_S2HQBn0.webp	foundation.2	912
1064	user_images/Lechebnaja-20/Image__копия_3_vg2eF3c.webp	floors.3	912
1065	user_images/Lechebnaja-20/Image__копия_4_4HUSTTg.webp	generalView1	912
1066	user_images/Lechebnaja-20/Image__копия_h1K1yJ3.webp	generalView1	912
1067	user_images/Lechebnaja-20/Image_fZ9muAw.webp	foundation.1	912
1068	user_images/Lechebnaja-20/Image__копия_2_4C7ogkw.webp	generalView2	912
1069	user_images/Lechebnaja-20/Image__копия_3_ERIO41h.webp	generalView2	912
1070	user_images/Lechebnaja-20/Image__копия_WSdLm5T.webp	foundation.3	912
1071	user_images/Lechebnaja-20/Image__копия_2_tDLj4WL.webp	foundation.2	913
1072	user_images/Lechebnaja-20/Image__копия_4_RYzgC1m.webp	foundation.2	913
1073	user_images/Lechebnaja-20/Image__копия_3_7TQz4JK.webp	floors.3	913
1074	user_images/Lechebnaja-20/Image__копия_4_yTNU0wG.webp	generalView1	913
1075	user_images/Lechebnaja-20/Image__копия_0xp0h4d.webp	generalView1	913
1076	user_images/Lechebnaja-20/Image_Go2E0FB.webp	foundation.1	913
1077	user_images/Lechebnaja-20/Image__копия_2_5ZCjaFm.webp	generalView2	913
1078	user_images/Lechebnaja-20/Image__копия_3_sbvK0aZ.webp	generalView2	913
1079	user_images/Lechebnaja-20/Image__копия_25qY2kk.webp	foundation.3	913
1080	user_images/Lechebnaja-20/Image__копия_2_XIxHMyA.webp	foundation.2	914
1081	user_images/Lechebnaja-20/Image__копия_4_5zAsitW.webp	foundation.2	914
1082	user_images/Lechebnaja-20/Image__копия_3_YGijXm7.webp	floors.3	914
1083	user_images/Lechebnaja-20/Image__копия_4_OQRaGDW.webp	generalView1	914
1084	user_images/Lechebnaja-20/Image__копия_0gIq6EP.webp	generalView1	914
1085	user_images/Lechebnaja-20/Image_KSU0eog.webp	foundation.1	914
1086	user_images/Lechebnaja-20/Image__копия_2_uKbVIxk.webp	generalView2	914
1087	user_images/Lechebnaja-20/Image__копия_3_7UxpAzs.webp	generalView2	914
1088	user_images/Lechebnaja-20/Image__копия_4gV2mR4.webp	foundation.3	914
1089	user_images/Lechebnaja-20/Image__копия_2_3Ytb5W6.webp	foundation.2	915
1090	user_images/Lechebnaja-20/Image__копия_4_wfSQM2V.webp	foundation.2	915
1091	user_images/Lechebnaja-20/Image__копия_3_0ER7HVr.webp	floors.3	915
1092	user_images/Lechebnaja-20/Image__копия_4_C0Z8wBi.webp	generalView1	915
1093	user_images/Lechebnaja-20/Image__копия_zyU21mi.webp	generalView1	915
1094	user_images/Lechebnaja-20/Image_iMKocyV.webp	foundation.1	915
1095	user_images/Lechebnaja-20/Image__копия_2_yODGjBE.webp	generalView2	915
1096	user_images/Lechebnaja-20/Image__копия_3_RmECka1.webp	generalView2	915
1097	user_images/Lechebnaja-20/Image__копия_3TTuETC.webp	foundation.3	915
1098	user_images/Lechebnaja-20/Image__копия_2_easeh4w.webp	foundation.2	916
1099	user_images/Lechebnaja-20/Image__копия_4_6oeGq4r.webp	foundation.2	916
1100	user_images/Lechebnaja-20/Image__копия_3_nYROkl5.webp	floors.3	916
1101	user_images/Lechebnaja-20/Image__копия_4_hTNJwQg.webp	generalView1	916
1102	user_images/Lechebnaja-20/Image__копия_1DHdqFq.webp	generalView1	916
1103	user_images/Lechebnaja-20/Image_u6uL2L7.webp	foundation.1	916
1104	user_images/Lechebnaja-20/Image__копия_2_Zuq0BPs.webp	generalView2	916
1105	user_images/Lechebnaja-20/Image__копия_3_KXIm0uk.webp	generalView2	916
1106	user_images/Lechebnaja-20/Image__копия_vAMs0r8.webp	foundation.3	916
1107	user_images/Lechebnaja-20/Image__копия_2_n9wtO7O.webp	foundation.2	917
1108	user_images/Lechebnaja-20/Image__копия_4_2utMW2e.webp	foundation.2	917
1109	user_images/Lechebnaja-20/Image__копия_3_0vHAq0T.webp	floors.3	917
1110	user_images/Lechebnaja-20/Image__копия_4_9GwEXve.webp	generalView1	917
1111	user_images/Lechebnaja-20/Image__копия_P97Zydv.webp	generalView1	917
1112	user_images/Lechebnaja-20/Image_EIt93uz.webp	foundation.1	917
1113	user_images/Lechebnaja-20/Image__копия_2_quXF2Hj.webp	generalView2	917
1114	user_images/Lechebnaja-20/Image__копия_3_3ML9U2u.webp	generalView2	917
1115	user_images/Lechebnaja-20/Image__копия_vy0ym3Z.webp	foundation.3	917
1116	user_images/Lechebnaja-20/Image__копия_2_LlxqJHI.webp	foundation.2	918
1117	user_images/Lechebnaja-20/Image__копия_4_mMYp2wU.webp	foundation.2	918
1118	user_images/Lechebnaja-20/Image__копия_3_Vg5GBJc.webp	floors.3	918
1119	user_images/Lechebnaja-20/Image__копия_4_4lq9HM2.webp	generalView1	918
1120	user_images/Lechebnaja-20/Image__копия_wITh02C.webp	generalView1	918
1121	user_images/Lechebnaja-20/Image_ctCgEJg.webp	foundation.1	918
1122	user_images/Lechebnaja-20/Image__копия_2_MFGj5cr.webp	generalView2	918
1123	user_images/Lechebnaja-20/Image__копия_3_1yOmUnh.webp	generalView2	918
1124	user_images/Lechebnaja-20/Image__копия_DONwEiB.webp	foundation.3	918
1125	user_images/Lechebnaja-20/Image__копия_2_6u720V5.webp	foundation.2	919
1126	user_images/Lechebnaja-20/Image__копия_4_y1ufZzJ.webp	foundation.2	919
1127	user_images/Lechebnaja-20/Image__копия_3_2TPBNih.webp	floors.3	919
1128	user_images/Lechebnaja-20/Image__копия_4_FCRPNBk.webp	generalView1	919
1129	user_images/Lechebnaja-20/Image__копия_sEVYMqe.webp	generalView1	919
1130	user_images/Lechebnaja-20/Image_FMb2WPv.webp	foundation.1	919
1131	user_images/Lechebnaja-20/Image__копия_2_K8A7qVP.webp	generalView2	919
1132	user_images/Lechebnaja-20/Image__копия_3_E3TqwEF.webp	generalView2	919
1133	user_images/Lechebnaja-20/Image__копия_EEMEE1l.webp	foundation.3	919
1134	user_images/Lechebnaja-20/Image__копия_2_jDDwhAO.webp	foundation.2	920
1135	user_images/Lechebnaja-20/Image__копия_4_J8uvLBs.webp	foundation.2	920
1136	user_images/Lechebnaja-20/Image__копия_3_loqEGP7.webp	floors.3	920
1137	user_images/Lechebnaja-20/Image__копия_4_gkkj4ek.webp	generalView1	920
1138	user_images/Lechebnaja-20/Image__копия_UvEYat4.webp	generalView1	920
1139	user_images/Lechebnaja-20/Image_2iRdN8O.webp	foundation.1	920
1140	user_images/Lechebnaja-20/Image__копия_2_Q3DQiGb.webp	generalView2	920
1141	user_images/Lechebnaja-20/Image__копия_3_acC5y3p.webp	generalView2	920
1142	user_images/Lechebnaja-20/Image__копия_ep45N2q.webp	foundation.3	920
\.


--
-- Name: auth_group_id_seq; Type: SEQUENCE SET; Schema: public; Owner: spoural
--

SELECT pg_catalog.setval('public.auth_group_id_seq', 1, false);


--
-- Name: auth_group_permissions_id_seq; Type: SEQUENCE SET; Schema: public; Owner: spoural
--

SELECT pg_catalog.setval('public.auth_group_permissions_id_seq', 1, false);


--
-- Name: auth_permission_id_seq; Type: SEQUENCE SET; Schema: public; Owner: spoural
--

SELECT pg_catalog.setval('public.auth_permission_id_seq', 60, true);


--
-- Name: auth_user_groups_id_seq; Type: SEQUENCE SET; Schema: public; Owner: spoural
--

SELECT pg_catalog.setval('public.auth_user_groups_id_seq', 1, false);


--
-- Name: auth_user_id_seq; Type: SEQUENCE SET; Schema: public; Owner: spoural
--

SELECT pg_catalog.setval('public.auth_user_id_seq', 5, true);


--
-- Name: auth_user_user_permissions_id_seq; Type: SEQUENCE SET; Schema: public; Owner: spoural
--

SELECT pg_catalog.setval('public.auth_user_user_permissions_id_seq', 1, false);


--
-- Name: django_admin_log_id_seq; Type: SEQUENCE SET; Schema: public; Owner: spoural
--

SELECT pg_catalog.setval('public.django_admin_log_id_seq', 1106, true);


--
-- Name: django_content_type_id_seq; Type: SEQUENCE SET; Schema: public; Owner: spoural
--

SELECT pg_catalog.setval('public.django_content_type_id_seq', 15, true);


--
-- Name: django_migrations_id_seq; Type: SEQUENCE SET; Schema: public; Owner: spoural
--

SELECT pg_catalog.setval('public.django_migrations_id_seq', 64, true);


--
-- Name: excel_app_constructiontypes_id_seq; Type: SEQUENCE SET; Schema: public; Owner: spoural
--

SELECT pg_catalog.setval('public.excel_app_constructiontypes_id_seq', 4, true);


--
-- Name: excel_app_constructiontypes_material_id_seq; Type: SEQUENCE SET; Schema: public; Owner: spoural
--

SELECT pg_catalog.setval('public.excel_app_constructiontypes_material_id_seq', 272, true);


--
-- Name: excel_app_defects_id_seq; Type: SEQUENCE SET; Schema: public; Owner: spoural
--

SELECT pg_catalog.setval('public.excel_app_defects_id_seq', 99, true);


--
-- Name: excel_app_fields_id_seq; Type: SEQUENCE SET; Schema: public; Owner: spoural
--

SELECT pg_catalog.setval('public.excel_app_fields_id_seq', 41, true);


--
-- Name: excel_app_materials_defects_id_seq; Type: SEQUENCE SET; Schema: public; Owner: spoural
--

SELECT pg_catalog.setval('public.excel_app_materials_defects_id_seq', 274, true);


--
-- Name: excel_app_materials_id_seq; Type: SEQUENCE SET; Schema: public; Owner: spoural
--

SELECT pg_catalog.setval('public.excel_app_materials_id_seq', 16, true);


--
-- Name: excel_app_materials_recommendations_id_seq; Type: SEQUENCE SET; Schema: public; Owner: spoural
--

SELECT pg_catalog.setval('public.excel_app_materials_recommendations_id_seq', 108, true);


--
-- Name: excel_app_recommendations_id_seq; Type: SEQUENCE SET; Schema: public; Owner: spoural
--

SELECT pg_catalog.setval('public.excel_app_recommendations_id_seq', 59, true);


--
-- Name: excel_app_sheet_id_seq; Type: SEQUENCE SET; Schema: public; Owner: spoural
--

SELECT pg_catalog.setval('public.excel_app_sheet_id_seq', 29, true);


--
-- Name: user_userdata_id_seq; Type: SEQUENCE SET; Schema: public; Owner: spoural
--

SELECT pg_catalog.setval('public.user_userdata_id_seq', 920, true);


--
-- Name: user_userdatafile_id_seq; Type: SEQUENCE SET; Schema: public; Owner: spoural
--

SELECT pg_catalog.setval('public.user_userdatafile_id_seq', 1142, true);


--
-- Name: auth_group auth_group_name_key; Type: CONSTRAINT; Schema: public; Owner: spoural
--

ALTER TABLE ONLY public.auth_group
    ADD CONSTRAINT auth_group_name_key UNIQUE (name);


--
-- Name: auth_group_permissions auth_group_permissions_group_id_permission_id_0cd325b0_uniq; Type: CONSTRAINT; Schema: public; Owner: spoural
--

ALTER TABLE ONLY public.auth_group_permissions
    ADD CONSTRAINT auth_group_permissions_group_id_permission_id_0cd325b0_uniq UNIQUE (group_id, permission_id);


--
-- Name: auth_group_permissions auth_group_permissions_pkey; Type: CONSTRAINT; Schema: public; Owner: spoural
--

ALTER TABLE ONLY public.auth_group_permissions
    ADD CONSTRAINT auth_group_permissions_pkey PRIMARY KEY (id);


--
-- Name: auth_group auth_group_pkey; Type: CONSTRAINT; Schema: public; Owner: spoural
--

ALTER TABLE ONLY public.auth_group
    ADD CONSTRAINT auth_group_pkey PRIMARY KEY (id);


--
-- Name: auth_permission auth_permission_content_type_id_codename_01ab375a_uniq; Type: CONSTRAINT; Schema: public; Owner: spoural
--

ALTER TABLE ONLY public.auth_permission
    ADD CONSTRAINT auth_permission_content_type_id_codename_01ab375a_uniq UNIQUE (content_type_id, codename);


--
-- Name: auth_permission auth_permission_pkey; Type: CONSTRAINT; Schema: public; Owner: spoural
--

ALTER TABLE ONLY public.auth_permission
    ADD CONSTRAINT auth_permission_pkey PRIMARY KEY (id);


--
-- Name: auth_user_groups auth_user_groups_pkey; Type: CONSTRAINT; Schema: public; Owner: spoural
--

ALTER TABLE ONLY public.auth_user_groups
    ADD CONSTRAINT auth_user_groups_pkey PRIMARY KEY (id);


--
-- Name: auth_user_groups auth_user_groups_user_id_group_id_94350c0c_uniq; Type: CONSTRAINT; Schema: public; Owner: spoural
--

ALTER TABLE ONLY public.auth_user_groups
    ADD CONSTRAINT auth_user_groups_user_id_group_id_94350c0c_uniq UNIQUE (user_id, group_id);


--
-- Name: auth_user auth_user_pkey; Type: CONSTRAINT; Schema: public; Owner: spoural
--

ALTER TABLE ONLY public.auth_user
    ADD CONSTRAINT auth_user_pkey PRIMARY KEY (id);


--
-- Name: auth_user_user_permissions auth_user_user_permissions_pkey; Type: CONSTRAINT; Schema: public; Owner: spoural
--

ALTER TABLE ONLY public.auth_user_user_permissions
    ADD CONSTRAINT auth_user_user_permissions_pkey PRIMARY KEY (id);


--
-- Name: auth_user_user_permissions auth_user_user_permissions_user_id_permission_id_14a6b632_uniq; Type: CONSTRAINT; Schema: public; Owner: spoural
--

ALTER TABLE ONLY public.auth_user_user_permissions
    ADD CONSTRAINT auth_user_user_permissions_user_id_permission_id_14a6b632_uniq UNIQUE (user_id, permission_id);


--
-- Name: auth_user auth_user_username_key; Type: CONSTRAINT; Schema: public; Owner: spoural
--

ALTER TABLE ONLY public.auth_user
    ADD CONSTRAINT auth_user_username_key UNIQUE (username);


--
-- Name: django_admin_log django_admin_log_pkey; Type: CONSTRAINT; Schema: public; Owner: spoural
--

ALTER TABLE ONLY public.django_admin_log
    ADD CONSTRAINT django_admin_log_pkey PRIMARY KEY (id);


--
-- Name: django_content_type django_content_type_app_label_model_76bd3d3b_uniq; Type: CONSTRAINT; Schema: public; Owner: spoural
--

ALTER TABLE ONLY public.django_content_type
    ADD CONSTRAINT django_content_type_app_label_model_76bd3d3b_uniq UNIQUE (app_label, model);


--
-- Name: django_content_type django_content_type_pkey; Type: CONSTRAINT; Schema: public; Owner: spoural
--

ALTER TABLE ONLY public.django_content_type
    ADD CONSTRAINT django_content_type_pkey PRIMARY KEY (id);


--
-- Name: django_migrations django_migrations_pkey; Type: CONSTRAINT; Schema: public; Owner: spoural
--

ALTER TABLE ONLY public.django_migrations
    ADD CONSTRAINT django_migrations_pkey PRIMARY KEY (id);


--
-- Name: django_session django_session_pkey; Type: CONSTRAINT; Schema: public; Owner: spoural
--

ALTER TABLE ONLY public.django_session
    ADD CONSTRAINT django_session_pkey PRIMARY KEY (session_key);


--
-- Name: excel_app_constructiontypes_material excel_app_constructionty_constructiontypes_id_mat_5b5dda17_uniq; Type: CONSTRAINT; Schema: public; Owner: spoural
--

ALTER TABLE ONLY public.excel_app_constructiontypes_material
    ADD CONSTRAINT excel_app_constructionty_constructiontypes_id_mat_5b5dda17_uniq UNIQUE (constructiontypes_id, materials_id);


--
-- Name: excel_app_constructiontypes_material excel_app_constructiontypes_material_pkey; Type: CONSTRAINT; Schema: public; Owner: spoural
--

ALTER TABLE ONLY public.excel_app_constructiontypes_material
    ADD CONSTRAINT excel_app_constructiontypes_material_pkey PRIMARY KEY (id);


--
-- Name: excel_app_constructiontypes excel_app_constructiontypes_name_key; Type: CONSTRAINT; Schema: public; Owner: spoural
--

ALTER TABLE ONLY public.excel_app_constructiontypes
    ADD CONSTRAINT excel_app_constructiontypes_name_key UNIQUE (name);


--
-- Name: excel_app_constructiontypes excel_app_constructiontypes_pkey; Type: CONSTRAINT; Schema: public; Owner: spoural
--

ALTER TABLE ONLY public.excel_app_constructiontypes
    ADD CONSTRAINT excel_app_constructiontypes_pkey PRIMARY KEY (id);


--
-- Name: excel_app_defects excel_app_defects_name_key; Type: CONSTRAINT; Schema: public; Owner: spoural
--

ALTER TABLE ONLY public.excel_app_defects
    ADD CONSTRAINT excel_app_defects_name_key UNIQUE (name);


--
-- Name: excel_app_defects excel_app_defects_pkey; Type: CONSTRAINT; Schema: public; Owner: spoural
--

ALTER TABLE ONLY public.excel_app_defects
    ADD CONSTRAINT excel_app_defects_pkey PRIMARY KEY (id);


--
-- Name: excel_app_fields excel_app_fields_construction_type_id_key; Type: CONSTRAINT; Schema: public; Owner: spoural
--

ALTER TABLE ONLY public.excel_app_fields
    ADD CONSTRAINT excel_app_fields_construction_type_id_key UNIQUE (construction_type_id);


--
-- Name: excel_app_fields excel_app_fields_key_key; Type: CONSTRAINT; Schema: public; Owner: spoural
--

ALTER TABLE ONLY public.excel_app_fields
    ADD CONSTRAINT excel_app_fields_key_key UNIQUE (key);


--
-- Name: excel_app_fields excel_app_fields_pkey; Type: CONSTRAINT; Schema: public; Owner: spoural
--

ALTER TABLE ONLY public.excel_app_fields
    ADD CONSTRAINT excel_app_fields_pkey PRIMARY KEY (id);


--
-- Name: excel_app_materials_defects excel_app_materials_defe_materials_id_defects_id_00cf4949_uniq; Type: CONSTRAINT; Schema: public; Owner: spoural
--

ALTER TABLE ONLY public.excel_app_materials_defects
    ADD CONSTRAINT excel_app_materials_defe_materials_id_defects_id_00cf4949_uniq UNIQUE (materials_id, defects_id);


--
-- Name: excel_app_materials_defects excel_app_materials_defects_pkey; Type: CONSTRAINT; Schema: public; Owner: spoural
--

ALTER TABLE ONLY public.excel_app_materials_defects
    ADD CONSTRAINT excel_app_materials_defects_pkey PRIMARY KEY (id);


--
-- Name: excel_app_materials excel_app_materials_name_key; Type: CONSTRAINT; Schema: public; Owner: spoural
--

ALTER TABLE ONLY public.excel_app_materials
    ADD CONSTRAINT excel_app_materials_name_key UNIQUE (name);


--
-- Name: excel_app_materials excel_app_materials_pkey; Type: CONSTRAINT; Schema: public; Owner: spoural
--

ALTER TABLE ONLY public.excel_app_materials
    ADD CONSTRAINT excel_app_materials_pkey PRIMARY KEY (id);


--
-- Name: excel_app_materials_recommendations excel_app_materials_reco_materials_id_recommendat_2bc80c9f_uniq; Type: CONSTRAINT; Schema: public; Owner: spoural
--

ALTER TABLE ONLY public.excel_app_materials_recommendations
    ADD CONSTRAINT excel_app_materials_reco_materials_id_recommendat_2bc80c9f_uniq UNIQUE (materials_id, recommendations_id);


--
-- Name: excel_app_materials_recommendations excel_app_materials_recommendations_pkey; Type: CONSTRAINT; Schema: public; Owner: spoural
--

ALTER TABLE ONLY public.excel_app_materials_recommendations
    ADD CONSTRAINT excel_app_materials_recommendations_pkey PRIMARY KEY (id);


--
-- Name: excel_app_recommendations excel_app_recommendations_name_key; Type: CONSTRAINT; Schema: public; Owner: spoural
--

ALTER TABLE ONLY public.excel_app_recommendations
    ADD CONSTRAINT excel_app_recommendations_name_key UNIQUE (name);


--
-- Name: excel_app_recommendations excel_app_recommendations_pkey; Type: CONSTRAINT; Schema: public; Owner: spoural
--

ALTER TABLE ONLY public.excel_app_recommendations
    ADD CONSTRAINT excel_app_recommendations_pkey PRIMARY KEY (id);


--
-- Name: excel_app_sheet excel_app_sheet_pkey; Type: CONSTRAINT; Schema: public; Owner: spoural
--

ALTER TABLE ONLY public.excel_app_sheet
    ADD CONSTRAINT excel_app_sheet_pkey PRIMARY KEY (id);


--
-- Name: user_userdata user_userdata_pkey; Type: CONSTRAINT; Schema: public; Owner: spoural
--

ALTER TABLE ONLY public.user_userdata
    ADD CONSTRAINT user_userdata_pkey PRIMARY KEY (id);


--
-- Name: user_userdata user_userdata_uniqueId_key; Type: CONSTRAINT; Schema: public; Owner: spoural
--

ALTER TABLE ONLY public.user_userdata
    ADD CONSTRAINT "user_userdata_uniqueId_key" UNIQUE ("uniqueId");


--
-- Name: user_userdatafile user_userdatafile_pkey; Type: CONSTRAINT; Schema: public; Owner: spoural
--

ALTER TABLE ONLY public.user_userdatafile
    ADD CONSTRAINT user_userdatafile_pkey PRIMARY KEY (id);


--
-- Name: auth_group_name_a6ea08ec_like; Type: INDEX; Schema: public; Owner: spoural
--

CREATE INDEX auth_group_name_a6ea08ec_like ON public.auth_group USING btree (name varchar_pattern_ops);


--
-- Name: auth_group_permissions_group_id_b120cbf9; Type: INDEX; Schema: public; Owner: spoural
--

CREATE INDEX auth_group_permissions_group_id_b120cbf9 ON public.auth_group_permissions USING btree (group_id);


--
-- Name: auth_group_permissions_permission_id_84c5c92e; Type: INDEX; Schema: public; Owner: spoural
--

CREATE INDEX auth_group_permissions_permission_id_84c5c92e ON public.auth_group_permissions USING btree (permission_id);


--
-- Name: auth_permission_content_type_id_2f476e4b; Type: INDEX; Schema: public; Owner: spoural
--

CREATE INDEX auth_permission_content_type_id_2f476e4b ON public.auth_permission USING btree (content_type_id);


--
-- Name: auth_user_groups_group_id_97559544; Type: INDEX; Schema: public; Owner: spoural
--

CREATE INDEX auth_user_groups_group_id_97559544 ON public.auth_user_groups USING btree (group_id);


--
-- Name: auth_user_groups_user_id_6a12ed8b; Type: INDEX; Schema: public; Owner: spoural
--

CREATE INDEX auth_user_groups_user_id_6a12ed8b ON public.auth_user_groups USING btree (user_id);


--
-- Name: auth_user_user_permissions_permission_id_1fbb5f2c; Type: INDEX; Schema: public; Owner: spoural
--

CREATE INDEX auth_user_user_permissions_permission_id_1fbb5f2c ON public.auth_user_user_permissions USING btree (permission_id);


--
-- Name: auth_user_user_permissions_user_id_a95ead1b; Type: INDEX; Schema: public; Owner: spoural
--

CREATE INDEX auth_user_user_permissions_user_id_a95ead1b ON public.auth_user_user_permissions USING btree (user_id);


--
-- Name: auth_user_username_6821ab7c_like; Type: INDEX; Schema: public; Owner: spoural
--

CREATE INDEX auth_user_username_6821ab7c_like ON public.auth_user USING btree (username varchar_pattern_ops);


--
-- Name: django_admin_log_content_type_id_c4bce8eb; Type: INDEX; Schema: public; Owner: spoural
--

CREATE INDEX django_admin_log_content_type_id_c4bce8eb ON public.django_admin_log USING btree (content_type_id);


--
-- Name: django_admin_log_user_id_c564eba6; Type: INDEX; Schema: public; Owner: spoural
--

CREATE INDEX django_admin_log_user_id_c564eba6 ON public.django_admin_log USING btree (user_id);


--
-- Name: django_session_expire_date_a5c62663; Type: INDEX; Schema: public; Owner: spoural
--

CREATE INDEX django_session_expire_date_a5c62663 ON public.django_session USING btree (expire_date);


--
-- Name: django_session_session_key_c0390e0f_like; Type: INDEX; Schema: public; Owner: spoural
--

CREATE INDEX django_session_session_key_c0390e0f_like ON public.django_session USING btree (session_key varchar_pattern_ops);


--
-- Name: excel_app_constructiontype_constructiontypes_id_025a4195; Type: INDEX; Schema: public; Owner: spoural
--

CREATE INDEX excel_app_constructiontype_constructiontypes_id_025a4195 ON public.excel_app_constructiontypes_material USING btree (constructiontypes_id);


--
-- Name: excel_app_constructiontypes_material_materials_id_412abb19; Type: INDEX; Schema: public; Owner: spoural
--

CREATE INDEX excel_app_constructiontypes_material_materials_id_412abb19 ON public.excel_app_constructiontypes_material USING btree (materials_id);


--
-- Name: excel_app_constructiontypes_name_80ec7512_like; Type: INDEX; Schema: public; Owner: spoural
--

CREATE INDEX excel_app_constructiontypes_name_80ec7512_like ON public.excel_app_constructiontypes USING btree (name varchar_pattern_ops);


--
-- Name: excel_app_defects_name_111e1e74_like; Type: INDEX; Schema: public; Owner: spoural
--

CREATE INDEX excel_app_defects_name_111e1e74_like ON public.excel_app_defects USING btree (name varchar_pattern_ops);


--
-- Name: excel_app_defects_recommendations_id_e7b61851; Type: INDEX; Schema: public; Owner: spoural
--

CREATE INDEX excel_app_defects_recommendations_id_e7b61851 ON public.excel_app_defects USING btree (recommendations_id);


--
-- Name: excel_app_defects_recommendations_id_e7b61851_like; Type: INDEX; Schema: public; Owner: spoural
--

CREATE INDEX excel_app_defects_recommendations_id_e7b61851_like ON public.excel_app_defects USING btree (recommendations_id varchar_pattern_ops);


--
-- Name: excel_app_fields_construction_type_id_cbbc57f5_like; Type: INDEX; Schema: public; Owner: spoural
--

CREATE INDEX excel_app_fields_construction_type_id_cbbc57f5_like ON public.excel_app_fields USING btree (construction_type_id varchar_pattern_ops);


--
-- Name: excel_app_fields_key_da5624c8_like; Type: INDEX; Schema: public; Owner: spoural
--

CREATE INDEX excel_app_fields_key_da5624c8_like ON public.excel_app_fields USING btree (key varchar_pattern_ops);


--
-- Name: excel_app_materials_defects_defects_id_e07257c3; Type: INDEX; Schema: public; Owner: spoural
--

CREATE INDEX excel_app_materials_defects_defects_id_e07257c3 ON public.excel_app_materials_defects USING btree (defects_id);


--
-- Name: excel_app_materials_defects_materials_id_57b4f944; Type: INDEX; Schema: public; Owner: spoural
--

CREATE INDEX excel_app_materials_defects_materials_id_57b4f944 ON public.excel_app_materials_defects USING btree (materials_id);


--
-- Name: excel_app_materials_name_43c317f0_like; Type: INDEX; Schema: public; Owner: spoural
--

CREATE INDEX excel_app_materials_name_43c317f0_like ON public.excel_app_materials USING btree (name varchar_pattern_ops);


--
-- Name: excel_app_materials_recommendations_materials_id_ea3905a6; Type: INDEX; Schema: public; Owner: spoural
--

CREATE INDEX excel_app_materials_recommendations_materials_id_ea3905a6 ON public.excel_app_materials_recommendations USING btree (materials_id);


--
-- Name: excel_app_materials_recommendations_recommendations_id_997f3ca0; Type: INDEX; Schema: public; Owner: spoural
--

CREATE INDEX excel_app_materials_recommendations_recommendations_id_997f3ca0 ON public.excel_app_materials_recommendations USING btree (recommendations_id);


--
-- Name: excel_app_recommendations_name_c6855187_like; Type: INDEX; Schema: public; Owner: spoural
--

CREATE INDEX excel_app_recommendations_name_c6855187_like ON public.excel_app_recommendations USING btree (name varchar_pattern_ops);


--
-- Name: user_userdata_uniqueId_a60b4bb5_like; Type: INDEX; Schema: public; Owner: spoural
--

CREATE INDEX "user_userdata_uniqueId_a60b4bb5_like" ON public.user_userdata USING btree ("uniqueId" varchar_pattern_ops);


--
-- Name: user_userdata_user_id_3a079a6e; Type: INDEX; Schema: public; Owner: spoural
--

CREATE INDEX user_userdata_user_id_3a079a6e ON public.user_userdata USING btree (user_id);


--
-- Name: user_userdatafile_user_data_id_5173752f; Type: INDEX; Schema: public; Owner: spoural
--

CREATE INDEX user_userdatafile_user_data_id_5173752f ON public.user_userdatafile USING btree (user_data_id);


--
-- Name: auth_group_permissions auth_group_permissio_permission_id_84c5c92e_fk_auth_perm; Type: FK CONSTRAINT; Schema: public; Owner: spoural
--

ALTER TABLE ONLY public.auth_group_permissions
    ADD CONSTRAINT auth_group_permissio_permission_id_84c5c92e_fk_auth_perm FOREIGN KEY (permission_id) REFERENCES public.auth_permission(id) DEFERRABLE INITIALLY DEFERRED;


--
-- Name: auth_group_permissions auth_group_permissions_group_id_b120cbf9_fk_auth_group_id; Type: FK CONSTRAINT; Schema: public; Owner: spoural
--

ALTER TABLE ONLY public.auth_group_permissions
    ADD CONSTRAINT auth_group_permissions_group_id_b120cbf9_fk_auth_group_id FOREIGN KEY (group_id) REFERENCES public.auth_group(id) DEFERRABLE INITIALLY DEFERRED;


--
-- Name: auth_permission auth_permission_content_type_id_2f476e4b_fk_django_co; Type: FK CONSTRAINT; Schema: public; Owner: spoural
--

ALTER TABLE ONLY public.auth_permission
    ADD CONSTRAINT auth_permission_content_type_id_2f476e4b_fk_django_co FOREIGN KEY (content_type_id) REFERENCES public.django_content_type(id) DEFERRABLE INITIALLY DEFERRED;


--
-- Name: auth_user_groups auth_user_groups_group_id_97559544_fk_auth_group_id; Type: FK CONSTRAINT; Schema: public; Owner: spoural
--

ALTER TABLE ONLY public.auth_user_groups
    ADD CONSTRAINT auth_user_groups_group_id_97559544_fk_auth_group_id FOREIGN KEY (group_id) REFERENCES public.auth_group(id) DEFERRABLE INITIALLY DEFERRED;


--
-- Name: auth_user_groups auth_user_groups_user_id_6a12ed8b_fk_auth_user_id; Type: FK CONSTRAINT; Schema: public; Owner: spoural
--

ALTER TABLE ONLY public.auth_user_groups
    ADD CONSTRAINT auth_user_groups_user_id_6a12ed8b_fk_auth_user_id FOREIGN KEY (user_id) REFERENCES public.auth_user(id) DEFERRABLE INITIALLY DEFERRED;


--
-- Name: auth_user_user_permissions auth_user_user_permi_permission_id_1fbb5f2c_fk_auth_perm; Type: FK CONSTRAINT; Schema: public; Owner: spoural
--

ALTER TABLE ONLY public.auth_user_user_permissions
    ADD CONSTRAINT auth_user_user_permi_permission_id_1fbb5f2c_fk_auth_perm FOREIGN KEY (permission_id) REFERENCES public.auth_permission(id) DEFERRABLE INITIALLY DEFERRED;


--
-- Name: auth_user_user_permissions auth_user_user_permissions_user_id_a95ead1b_fk_auth_user_id; Type: FK CONSTRAINT; Schema: public; Owner: spoural
--

ALTER TABLE ONLY public.auth_user_user_permissions
    ADD CONSTRAINT auth_user_user_permissions_user_id_a95ead1b_fk_auth_user_id FOREIGN KEY (user_id) REFERENCES public.auth_user(id) DEFERRABLE INITIALLY DEFERRED;


--
-- Name: django_admin_log django_admin_log_content_type_id_c4bce8eb_fk_django_co; Type: FK CONSTRAINT; Schema: public; Owner: spoural
--

ALTER TABLE ONLY public.django_admin_log
    ADD CONSTRAINT django_admin_log_content_type_id_c4bce8eb_fk_django_co FOREIGN KEY (content_type_id) REFERENCES public.django_content_type(id) DEFERRABLE INITIALLY DEFERRED;


--
-- Name: django_admin_log django_admin_log_user_id_c564eba6_fk_auth_user_id; Type: FK CONSTRAINT; Schema: public; Owner: spoural
--

ALTER TABLE ONLY public.django_admin_log
    ADD CONSTRAINT django_admin_log_user_id_c564eba6_fk_auth_user_id FOREIGN KEY (user_id) REFERENCES public.auth_user(id) DEFERRABLE INITIALLY DEFERRED;


--
-- Name: excel_app_constructiontypes_material excel_app_constructi_constructiontypes_id_025a4195_fk_excel_app; Type: FK CONSTRAINT; Schema: public; Owner: spoural
--

ALTER TABLE ONLY public.excel_app_constructiontypes_material
    ADD CONSTRAINT excel_app_constructi_constructiontypes_id_025a4195_fk_excel_app FOREIGN KEY (constructiontypes_id) REFERENCES public.excel_app_constructiontypes(id) DEFERRABLE INITIALLY DEFERRED;


--
-- Name: excel_app_constructiontypes_material excel_app_constructi_materials_id_412abb19_fk_excel_app; Type: FK CONSTRAINT; Schema: public; Owner: spoural
--

ALTER TABLE ONLY public.excel_app_constructiontypes_material
    ADD CONSTRAINT excel_app_constructi_materials_id_412abb19_fk_excel_app FOREIGN KEY (materials_id) REFERENCES public.excel_app_materials(id) DEFERRABLE INITIALLY DEFERRED;


--
-- Name: excel_app_defects excel_app_defects_recommendations_id_e7b61851_fk_excel_app; Type: FK CONSTRAINT; Schema: public; Owner: spoural
--

ALTER TABLE ONLY public.excel_app_defects
    ADD CONSTRAINT excel_app_defects_recommendations_id_e7b61851_fk_excel_app FOREIGN KEY (recommendations_id) REFERENCES public.excel_app_recommendations(name) DEFERRABLE INITIALLY DEFERRED;


--
-- Name: excel_app_fields excel_app_fields_construction_type_id_cbbc57f5_fk_excel_app; Type: FK CONSTRAINT; Schema: public; Owner: spoural
--

ALTER TABLE ONLY public.excel_app_fields
    ADD CONSTRAINT excel_app_fields_construction_type_id_cbbc57f5_fk_excel_app FOREIGN KEY (construction_type_id) REFERENCES public.excel_app_constructiontypes(name) DEFERRABLE INITIALLY DEFERRED;


--
-- Name: excel_app_materials_defects excel_app_materials__defects_id_e07257c3_fk_excel_app; Type: FK CONSTRAINT; Schema: public; Owner: spoural
--

ALTER TABLE ONLY public.excel_app_materials_defects
    ADD CONSTRAINT excel_app_materials__defects_id_e07257c3_fk_excel_app FOREIGN KEY (defects_id) REFERENCES public.excel_app_defects(id) DEFERRABLE INITIALLY DEFERRED;


--
-- Name: excel_app_materials_defects excel_app_materials__materials_id_57b4f944_fk_excel_app; Type: FK CONSTRAINT; Schema: public; Owner: spoural
--

ALTER TABLE ONLY public.excel_app_materials_defects
    ADD CONSTRAINT excel_app_materials__materials_id_57b4f944_fk_excel_app FOREIGN KEY (materials_id) REFERENCES public.excel_app_materials(id) DEFERRABLE INITIALLY DEFERRED;


--
-- Name: excel_app_materials_recommendations excel_app_materials__materials_id_ea3905a6_fk_excel_app; Type: FK CONSTRAINT; Schema: public; Owner: spoural
--

ALTER TABLE ONLY public.excel_app_materials_recommendations
    ADD CONSTRAINT excel_app_materials__materials_id_ea3905a6_fk_excel_app FOREIGN KEY (materials_id) REFERENCES public.excel_app_materials(id) DEFERRABLE INITIALLY DEFERRED;


--
-- Name: excel_app_materials_recommendations excel_app_materials__recommendations_id_997f3ca0_fk_excel_app; Type: FK CONSTRAINT; Schema: public; Owner: spoural
--

ALTER TABLE ONLY public.excel_app_materials_recommendations
    ADD CONSTRAINT excel_app_materials__recommendations_id_997f3ca0_fk_excel_app FOREIGN KEY (recommendations_id) REFERENCES public.excel_app_recommendations(id) DEFERRABLE INITIALLY DEFERRED;


--
-- Name: user_userdata user_userdata_user_id_3a079a6e_fk_auth_user_id; Type: FK CONSTRAINT; Schema: public; Owner: spoural
--

ALTER TABLE ONLY public.user_userdata
    ADD CONSTRAINT user_userdata_user_id_3a079a6e_fk_auth_user_id FOREIGN KEY (user_id) REFERENCES public.auth_user(id) DEFERRABLE INITIALLY DEFERRED;


--
-- Name: user_userdatafile user_userdatafile_user_data_id_5173752f_fk_user_userdata_id; Type: FK CONSTRAINT; Schema: public; Owner: spoural
--

ALTER TABLE ONLY public.user_userdatafile
    ADD CONSTRAINT user_userdatafile_user_data_id_5173752f_fk_user_userdata_id FOREIGN KEY (user_data_id) REFERENCES public.user_userdata(id) DEFERRABLE INITIALLY DEFERRED;


--
-- PostgreSQL database dump complete
--

